"STATION","NAME","DATE","TAVG"
"RSM00027612","MOSCOW, RS","2012-01-01","32"
"RSM00027612","MOSCOW, RS","2012-01-02","29"
"RSM00027612","MOSCOW, RS","2012-01-03","28"
"RSM00027612","MOSCOW, RS","2012-01-04","31"
"RSM00027612","MOSCOW, RS","2012-01-05","35"
"RSM00027612","MOSCOW, RS","2012-01-06","35"
"RSM00027612","MOSCOW, RS","2012-01-07","35"
"RSM00027612","MOSCOW, RS","2012-01-08","31"
"RSM00027612","MOSCOW, RS","2012-01-09","29"
"RSM00027612","MOSCOW, RS","2012-01-10","28"
"RSM00027612","MOSCOW, RS","2012-01-11","28"
"RSM00027612","MOSCOW, RS","2012-01-12","28"
"RSM00027612","MOSCOW, RS","2012-01-13","32"
"RSM00027612","MOSCOW, RS","2012-01-14","29"
"RSM00027612","MOSCOW, RS","2012-01-15","26"
"RSM00027612","MOSCOW, RS","2012-01-16","25"
"RSM00027612","MOSCOW, RS","2012-01-17","22"
"RSM00027612","MOSCOW, RS","2012-01-18","21"
"RSM00027612","MOSCOW, RS","2012-01-19","18"
"RSM00027612","MOSCOW, RS","2012-01-20","13"
"RSM00027612","MOSCOW, RS","2012-01-21","11"
"RSM00027612","MOSCOW, RS","2012-01-22","7"
"RSM00027612","MOSCOW, RS","2012-01-23","6"
"RSM00027612","MOSCOW, RS","2012-01-24","6"
"RSM00027612","MOSCOW, RS","2012-01-25","5"
"RSM00027612","MOSCOW, RS","2012-01-26","4"
"RSM00027612","MOSCOW, RS","2012-01-27","4"
"RSM00027612","MOSCOW, RS","2012-01-28","6"
"RSM00027612","MOSCOW, RS","2012-01-29","7"
"RSM00027612","MOSCOW, RS","2012-01-30","2"
"RSM00027612","MOSCOW, RS","2012-01-31","-1"
"RSM00027612","MOSCOW, RS","2012-02-01","-8"
"RSM00027612","MOSCOW, RS","2012-02-02","-1"
"RSM00027612","MOSCOW, RS","2012-02-03","-4"
"RSM00027612","MOSCOW, RS","2012-02-04","-1"
"RSM00027612","MOSCOW, RS","2012-02-05","10"
"RSM00027612","MOSCOW, RS","2012-02-06","8"
"RSM00027612","MOSCOW, RS","2012-02-07","4"
"RSM00027612","MOSCOW, RS","2012-02-08","1"
"RSM00027612","MOSCOW, RS","2012-02-09","1"
"RSM00027612","MOSCOW, RS","2012-02-10","3"
"RSM00027612","MOSCOW, RS","2012-02-11","2"
"RSM00027612","MOSCOW, RS","2012-02-12","-7"
"RSM00027612","MOSCOW, RS","2012-02-13","-11"
"RSM00027612","MOSCOW, RS","2012-02-14","0"
"RSM00027612","MOSCOW, RS","2012-02-15","18"
"RSM00027612","MOSCOW, RS","2012-02-16","15"
"RSM00027612","MOSCOW, RS","2012-02-17","14"
"RSM00027612","MOSCOW, RS","2012-02-18","11"
"RSM00027612","MOSCOW, RS","2012-02-19","11"
"RSM00027612","MOSCOW, RS","2012-02-20","13"
"RSM00027612","MOSCOW, RS","2012-02-21","21"
"RSM00027612","MOSCOW, RS","2012-02-22","26"
"RSM00027612","MOSCOW, RS","2012-02-23","29"
"RSM00027612","MOSCOW, RS","2012-02-24","33"
"RSM00027612","MOSCOW, RS","2012-02-25","29"
"RSM00027612","MOSCOW, RS","2012-02-26","28"
"RSM00027612","MOSCOW, RS","2012-02-27","27"
"RSM00027612","MOSCOW, RS","2012-02-28","25"
"RSM00027612","MOSCOW, RS","2012-02-29","24"
"RSM00027612","MOSCOW, RS","2012-03-01","26"
"RSM00027612","MOSCOW, RS","2012-03-02","26"
"RSM00027612","MOSCOW, RS","2012-03-03","19"
"RSM00027612","MOSCOW, RS","2012-03-04","28"
"RSM00027612","MOSCOW, RS","2012-03-05","22"
"RSM00027612","MOSCOW, RS","2012-03-06","17"
"RSM00027612","MOSCOW, RS","2012-03-07","16"
"RSM00027612","MOSCOW, RS","2012-03-08","14"
"RSM00027612","MOSCOW, RS","2012-03-09","15"
"RSM00027612","MOSCOW, RS","2012-03-10","22"
"RSM00027612","MOSCOW, RS","2012-03-11","25"
"RSM00027612","MOSCOW, RS","2012-03-12","27"
"RSM00027612","MOSCOW, RS","2012-03-13","32"
"RSM00027612","MOSCOW, RS","2012-03-14","30"
"RSM00027612","MOSCOW, RS","2012-03-15","20"
"RSM00027612","MOSCOW, RS","2012-03-16","19"
"RSM00027612","MOSCOW, RS","2012-03-17","31"
"RSM00027612","MOSCOW, RS","2012-03-18","36"
"RSM00027612","MOSCOW, RS","2012-03-19","36"
"RSM00027612","MOSCOW, RS","2012-03-20","33"
"RSM00027612","MOSCOW, RS","2012-03-21","31"
"RSM00027612","MOSCOW, RS","2012-03-22","34"
"RSM00027612","MOSCOW, RS","2012-03-23","31"
"RSM00027612","MOSCOW, RS","2012-03-24","23"
"RSM00027612","MOSCOW, RS","2012-03-25","24"
"RSM00027612","MOSCOW, RS","2012-03-26","26"
"RSM00027612","MOSCOW, RS","2012-03-27","27"
"RSM00027612","MOSCOW, RS","2012-03-28","27"
"RSM00027612","MOSCOW, RS","2012-03-29","33"
"RSM00027612","MOSCOW, RS","2012-03-30","34"
"RSM00027612","MOSCOW, RS","2012-03-31","32"
"RSM00027612","MOSCOW, RS","2012-04-01","34"
"RSM00027612","MOSCOW, RS","2012-04-02","31"
"RSM00027612","MOSCOW, RS","2012-04-03","33"
"RSM00027612","MOSCOW, RS","2012-04-04","34"
"RSM00027612","MOSCOW, RS","2012-04-05","32"
"RSM00027612","MOSCOW, RS","2012-04-06","35"
"RSM00027612","MOSCOW, RS","2012-04-07","33"
"RSM00027612","MOSCOW, RS","2012-04-08","38"
"RSM00027612","MOSCOW, RS","2012-04-09","37"
"RSM00027612","MOSCOW, RS","2012-04-10","36"
"RSM00027612","MOSCOW, RS","2012-04-11","38"
"RSM00027612","MOSCOW, RS","2012-04-12","40"
"RSM00027612","MOSCOW, RS","2012-04-13","38"
"RSM00027612","MOSCOW, RS","2012-04-14","44"
"RSM00027612","MOSCOW, RS","2012-04-15","47"
"RSM00027612","MOSCOW, RS","2012-04-16","55"
"RSM00027612","MOSCOW, RS","2012-04-17","59"
"RSM00027612","MOSCOW, RS","2012-04-18","47"
"RSM00027612","MOSCOW, RS","2012-04-19","47"
"RSM00027612","MOSCOW, RS","2012-04-20","52"
"RSM00027612","MOSCOW, RS","2012-04-21","59"
"RSM00027612","MOSCOW, RS","2012-04-22","59"
"RSM00027612","MOSCOW, RS","2012-04-23","57"
"RSM00027612","MOSCOW, RS","2012-04-24","59"
"RSM00027612","MOSCOW, RS","2012-04-25","59"
"RSM00027612","MOSCOW, RS","2012-04-26","61"
"RSM00027612","MOSCOW, RS","2012-04-27","60"
"RSM00027612","MOSCOW, RS","2012-04-28","65"
"RSM00027612","MOSCOW, RS","2012-04-29","63"
"RSM00027612","MOSCOW, RS","2012-04-30","50"
"RSM00027612","MOSCOW, RS","2012-05-01","51"
"RSM00027612","MOSCOW, RS","2012-05-02","47"
"RSM00027612","MOSCOW, RS","2012-05-03","53"
"RSM00027612","MOSCOW, RS","2012-05-04","52"
"RSM00027612","MOSCOW, RS","2012-05-05","59"
"RSM00027612","MOSCOW, RS","2012-05-06","62"
"RSM00027612","MOSCOW, RS","2012-05-07","63"
"RSM00027612","MOSCOW, RS","2012-05-08","60"
"RSM00027612","MOSCOW, RS","2012-05-09","55"
"RSM00027612","MOSCOW, RS","2012-05-10","52"
"RSM00027612","MOSCOW, RS","2012-05-11","60"
"RSM00027612","MOSCOW, RS","2012-05-12","70"
"RSM00027612","MOSCOW, RS","2012-05-13","55"
"RSM00027612","MOSCOW, RS","2012-05-14","50"
"RSM00027612","MOSCOW, RS","2012-05-15","55"
"RSM00027612","MOSCOW, RS","2012-05-16","67"
"RSM00027612","MOSCOW, RS","2012-05-17","67"
"RSM00027612","MOSCOW, RS","2012-05-18","64"
"RSM00027612","MOSCOW, RS","2012-05-19","63"
"RSM00027612","MOSCOW, RS","2012-05-20","68"
"RSM00027612","MOSCOW, RS","2012-05-21","70"
"RSM00027612","MOSCOW, RS","2012-05-22","70"
"RSM00027612","MOSCOW, RS","2012-05-23","61"
"RSM00027612","MOSCOW, RS","2012-05-24","53"
"RSM00027612","MOSCOW, RS","2012-05-25","54"
"RSM00027612","MOSCOW, RS","2012-05-26","57"
"RSM00027612","MOSCOW, RS","2012-05-27","59"
"RSM00027612","MOSCOW, RS","2012-05-28","57"
"RSM00027612","MOSCOW, RS","2012-05-29","62"
"RSM00027612","MOSCOW, RS","2012-05-30","66"
"RSM00027612","MOSCOW, RS","2012-05-31","54"
"RSM00027612","MOSCOW, RS","2012-06-01","53"
"RSM00027612","MOSCOW, RS","2012-06-02","57"
"RSM00027612","MOSCOW, RS","2012-06-03","49"
"RSM00027612","MOSCOW, RS","2012-06-04","53"
"RSM00027612","MOSCOW, RS","2012-06-05","58"
"RSM00027612","MOSCOW, RS","2012-06-06","62"
"RSM00027612","MOSCOW, RS","2012-06-07","60"
"RSM00027612","MOSCOW, RS","2012-06-08","63"
"RSM00027612","MOSCOW, RS","2012-06-09","61"
"RSM00027612","MOSCOW, RS","2012-06-10","61"
"RSM00027612","MOSCOW, RS","2012-06-11","65"
"RSM00027612","MOSCOW, RS","2012-06-12","69"
"RSM00027612","MOSCOW, RS","2012-06-13","63"
"RSM00027612","MOSCOW, RS","2012-06-14","63"
"RSM00027612","MOSCOW, RS","2012-06-15","65"
"RSM00027612","MOSCOW, RS","2012-06-16","65"
"RSM00027612","MOSCOW, RS","2012-06-17","68"
"RSM00027612","MOSCOW, RS","2012-06-18","67"
"RSM00027612","MOSCOW, RS","2012-06-19","67"
"RSM00027612","MOSCOW, RS","2012-06-20","68"
"RSM00027612","MOSCOW, RS","2012-06-21","66"
"RSM00027612","MOSCOW, RS","2012-06-22","67"
"RSM00027612","MOSCOW, RS","2012-06-23","68"
"RSM00027612","MOSCOW, RS","2012-06-24","63"
"RSM00027612","MOSCOW, RS","2012-06-25","65"
"RSM00027612","MOSCOW, RS","2012-06-26","71"
"RSM00027612","MOSCOW, RS","2012-06-27","62"
"RSM00027612","MOSCOW, RS","2012-06-28","62"
"RSM00027612","MOSCOW, RS","2012-06-29","60"
"RSM00027612","MOSCOW, RS","2012-06-30","62"
"RSM00027612","MOSCOW, RS","2012-07-01","64"
"RSM00027612","MOSCOW, RS","2012-07-02","72"
"RSM00027612","MOSCOW, RS","2012-07-03","71"
"RSM00027612","MOSCOW, RS","2012-07-04","73"
"RSM00027612","MOSCOW, RS","2012-07-05","74"
"RSM00027612","MOSCOW, RS","2012-07-06","74"
"RSM00027612","MOSCOW, RS","2012-07-07","72"
"RSM00027612","MOSCOW, RS","2012-07-08","71"
"RSM00027612","MOSCOW, RS","2012-07-09","75"
"RSM00027612","MOSCOW, RS","2012-07-10","75"
"RSM00027612","MOSCOW, RS","2012-07-11","73"
"RSM00027612","MOSCOW, RS","2012-07-12","77"
"RSM00027612","MOSCOW, RS","2012-07-13","71"
"RSM00027612","MOSCOW, RS","2012-07-14","66"
"RSM00027612","MOSCOW, RS","2012-07-15","68"
"RSM00027612","MOSCOW, RS","2012-07-16","68"
"RSM00027612","MOSCOW, RS","2012-07-17","63"
"RSM00027612","MOSCOW, RS","2012-07-18","62"
"RSM00027612","MOSCOW, RS","2012-07-19","60"
"RSM00027612","MOSCOW, RS","2012-07-20","60"
"RSM00027612","MOSCOW, RS","2012-07-21","62"
"RSM00027612","MOSCOW, RS","2012-07-22","63"
"RSM00027612","MOSCOW, RS","2012-07-23","65"
"RSM00027612","MOSCOW, RS","2012-07-24","67"
"RSM00027612","MOSCOW, RS","2012-07-25","73"
"RSM00027612","MOSCOW, RS","2012-07-26","74"
"RSM00027612","MOSCOW, RS","2012-07-27","74"
"RSM00027612","MOSCOW, RS","2012-07-28","71"
"RSM00027612","MOSCOW, RS","2012-07-29","72"
"RSM00027612","MOSCOW, RS","2012-07-30","74"
"RSM00027612","MOSCOW, RS","2012-07-31","74"
"RSM00027612","MOSCOW, RS","2012-08-01","76"
"RSM00027612","MOSCOW, RS","2012-08-02","71"
"RSM00027612","MOSCOW, RS","2012-08-03","70"
"RSM00027612","MOSCOW, RS","2012-08-04","70"
"RSM00027612","MOSCOW, RS","2012-08-05","72"
"RSM00027612","MOSCOW, RS","2012-08-06","72"
"RSM00027612","MOSCOW, RS","2012-08-07","78"
"RSM00027612","MOSCOW, RS","2012-08-08","72"
"RSM00027612","MOSCOW, RS","2012-08-09","67"
"RSM00027612","MOSCOW, RS","2012-08-10","63"
"RSM00027612","MOSCOW, RS","2012-08-11","62"
"RSM00027612","MOSCOW, RS","2012-08-12","64"
"RSM00027612","MOSCOW, RS","2012-08-13","65"
"RSM00027612","MOSCOW, RS","2012-08-14","60"
"RSM00027612","MOSCOW, RS","2012-08-15","66"
"RSM00027612","MOSCOW, RS","2012-08-16","64"
"RSM00027612","MOSCOW, RS","2012-08-17","65"
"RSM00027612","MOSCOW, RS","2012-08-18","63"
"RSM00027612","MOSCOW, RS","2012-08-19","66"
"RSM00027612","MOSCOW, RS","2012-08-20","61"
"RSM00027612","MOSCOW, RS","2012-08-21","52"
"RSM00027612","MOSCOW, RS","2012-08-22","54"
"RSM00027612","MOSCOW, RS","2012-08-23","58"
"RSM00027612","MOSCOW, RS","2012-08-24","60"
"RSM00027612","MOSCOW, RS","2012-08-25","61"
"RSM00027612","MOSCOW, RS","2012-08-26","61"
"RSM00027612","MOSCOW, RS","2012-08-27","61"
"RSM00027612","MOSCOW, RS","2012-08-28","60"
"RSM00027612","MOSCOW, RS","2012-08-29","59"
"RSM00027612","MOSCOW, RS","2012-08-30","56"
"RSM00027612","MOSCOW, RS","2012-08-31","53"
"RSM00027612","MOSCOW, RS","2012-09-01","50"
"RSM00027612","MOSCOW, RS","2012-09-02","48"
"RSM00027612","MOSCOW, RS","2012-09-03","55"
"RSM00027612","MOSCOW, RS","2012-09-04","57"
"RSM00027612","MOSCOW, RS","2012-09-05","57"
"RSM00027612","MOSCOW, RS","2012-09-06","62"
"RSM00027612","MOSCOW, RS","2012-09-07","53"
"RSM00027612","MOSCOW, RS","2012-09-08","53"
"RSM00027612","MOSCOW, RS","2012-09-09","49"
"RSM00027612","MOSCOW, RS","2012-09-10","49"
"RSM00027612","MOSCOW, RS","2012-09-11","52"
"RSM00027612","MOSCOW, RS","2012-09-12","60"
"RSM00027612","MOSCOW, RS","2012-09-13","62"
"RSM00027612","MOSCOW, RS","2012-09-14","61"
"RSM00027612","MOSCOW, RS","2012-09-15","59"
"RSM00027612","MOSCOW, RS","2012-09-16","56"
"RSM00027612","MOSCOW, RS","2012-09-17","53"
"RSM00027612","MOSCOW, RS","2012-09-18","56"
"RSM00027612","MOSCOW, RS","2012-09-19","59"
"RSM00027612","MOSCOW, RS","2012-09-20","60"
"RSM00027612","MOSCOW, RS","2012-09-21","59"
"RSM00027612","MOSCOW, RS","2012-09-22","55"
"RSM00027612","MOSCOW, RS","2012-09-23","55"
"RSM00027612","MOSCOW, RS","2012-09-24","49"
"RSM00027612","MOSCOW, RS","2012-09-25","51"
"RSM00027612","MOSCOW, RS","2012-09-26","52"
"RSM00027612","MOSCOW, RS","2012-09-27","52"
"RSM00027612","MOSCOW, RS","2012-09-28","64"
"RSM00027612","MOSCOW, RS","2012-09-29","54"
"RSM00027612","MOSCOW, RS","2012-09-30","51"
"RSM00027612","MOSCOW, RS","2012-10-01","51"
"RSM00027612","MOSCOW, RS","2012-10-02","50"
"RSM00027612","MOSCOW, RS","2012-10-03","53"
"RSM00027612","MOSCOW, RS","2012-10-04","58"
"RSM00027612","MOSCOW, RS","2012-10-05","55"
"RSM00027612","MOSCOW, RS","2012-10-06","49"
"RSM00027612","MOSCOW, RS","2012-10-07","49"
"RSM00027612","MOSCOW, RS","2012-10-08","41"
"RSM00027612","MOSCOW, RS","2012-10-09","41"
"RSM00027612","MOSCOW, RS","2012-10-10","42"
"RSM00027612","MOSCOW, RS","2012-10-11","45"
"RSM00027612","MOSCOW, RS","2012-10-12","41"
"RSM00027612","MOSCOW, RS","2012-10-13","43"
"RSM00027612","MOSCOW, RS","2012-10-14","40"
"RSM00027612","MOSCOW, RS","2012-10-15","46"
"RSM00027612","MOSCOW, RS","2012-10-16","48"
"RSM00027612","MOSCOW, RS","2012-10-17","52"
"RSM00027612","MOSCOW, RS","2012-10-18","54"
"RSM00027612","MOSCOW, RS","2012-10-19","49"
"RSM00027612","MOSCOW, RS","2012-10-20","52"
"RSM00027612","MOSCOW, RS","2012-10-21","51"
"RSM00027612","MOSCOW, RS","2012-10-22","45"
"RSM00027612","MOSCOW, RS","2012-10-23","32"
"RSM00027612","MOSCOW, RS","2012-10-24","32"
"RSM00027612","MOSCOW, RS","2012-10-25","36"
"RSM00027612","MOSCOW, RS","2012-10-26","35"
"RSM00027612","MOSCOW, RS","2012-10-27","34"
"RSM00027612","MOSCOW, RS","2012-10-28","35"
"RSM00027612","MOSCOW, RS","2012-10-29","33"
"RSM00027612","MOSCOW, RS","2012-10-30","29"
"RSM00027612","MOSCOW, RS","2012-10-31","33"
"RSM00027612","MOSCOW, RS","2012-11-01","30"
"RSM00027612","MOSCOW, RS","2012-11-02","34"
"RSM00027612","MOSCOW, RS","2012-11-03","37"
"RSM00027612","MOSCOW, RS","2012-11-04","45"
"RSM00027612","MOSCOW, RS","2012-11-05","45"
"RSM00027612","MOSCOW, RS","2012-11-06","47"
"RSM00027612","MOSCOW, RS","2012-11-07","40"
"RSM00027612","MOSCOW, RS","2012-11-08","36"
"RSM00027612","MOSCOW, RS","2012-11-09","37"
"RSM00027612","MOSCOW, RS","2012-11-10","29"
"RSM00027612","MOSCOW, RS","2012-11-11","28"
"RSM00027612","MOSCOW, RS","2012-11-12","36"
"RSM00027612","MOSCOW, RS","2012-11-13","40"
"RSM00027612","MOSCOW, RS","2012-11-14","36"
"RSM00027612","MOSCOW, RS","2012-11-15","40"
"RSM00027612","MOSCOW, RS","2012-11-16","40"
"RSM00027612","MOSCOW, RS","2012-11-17","39"
"RSM00027612","MOSCOW, RS","2012-11-18","36"
"RSM00027612","MOSCOW, RS","2012-11-19","31"
"RSM00027612","MOSCOW, RS","2012-11-20","35"
"RSM00027612","MOSCOW, RS","2012-11-21","36"
"RSM00027612","MOSCOW, RS","2012-11-22","38"
"RSM00027612","MOSCOW, RS","2012-11-23","36"
"RSM00027612","MOSCOW, RS","2012-11-24","28"
"RSM00027612","MOSCOW, RS","2012-11-25","24"
"RSM00027612","MOSCOW, RS","2012-11-26","28"
"RSM00027612","MOSCOW, RS","2012-11-27","32"
"RSM00027612","MOSCOW, RS","2012-11-28","31"
"RSM00027612","MOSCOW, RS","2012-11-29","26"
"RSM00027612","MOSCOW, RS","2012-11-30","26"
"RSM00027612","MOSCOW, RS","2012-12-01","38"
"RSM00027612","MOSCOW, RS","2012-12-02","31"
"RSM00027612","MOSCOW, RS","2012-12-03","25"
"RSM00027612","MOSCOW, RS","2012-12-04","27"
"RSM00027612","MOSCOW, RS","2012-12-05","25"
"RSM00027612","MOSCOW, RS","2012-12-06","26"
"RSM00027612","MOSCOW, RS","2012-12-07","23"
"RSM00027612","MOSCOW, RS","2012-12-08","23"
"RSM00027612","MOSCOW, RS","2012-12-09","24"
"RSM00027612","MOSCOW, RS","2012-12-10","23"
"RSM00027612","MOSCOW, RS","2012-12-11","29"
"RSM00027612","MOSCOW, RS","2012-12-12","14"
"RSM00027612","MOSCOW, RS","2012-12-13","18"
"RSM00027612","MOSCOW, RS","2012-12-14","13"
"RSM00027612","MOSCOW, RS","2012-12-15","6"
"RSM00027612","MOSCOW, RS","2012-12-16","5"
"RSM00027612","MOSCOW, RS","2012-12-17","1"
"RSM00027612","MOSCOW, RS","2012-12-18","0"
"RSM00027612","MOSCOW, RS","2012-12-19","1"
"RSM00027612","MOSCOW, RS","2012-12-20","-1"
"RSM00027612","MOSCOW, RS","2012-12-21","-2"
"RSM00027612","MOSCOW, RS","2012-12-22","3"
"RSM00027612","MOSCOW, RS","2012-12-23","-6"
"RSM00027612","MOSCOW, RS","2012-12-24","-7"
"RSM00027612","MOSCOW, RS","2012-12-25","6"
"RSM00027612","MOSCOW, RS","2012-12-26","27"
"RSM00027612","MOSCOW, RS","2012-12-27","33"
"RSM00027612","MOSCOW, RS","2012-12-28","34"
"RSM00027612","MOSCOW, RS","2012-12-29","28"
"RSM00027612","MOSCOW, RS","2012-12-30","22"
"RSM00027612","MOSCOW, RS","2012-12-31","20"
"RSM00027612","MOSCOW, RS","2013-01-01","29"
"RSM00027612","MOSCOW, RS","2013-01-02","32"
"RSM00027612","MOSCOW, RS","2013-01-03","29"
"RSM00027612","MOSCOW, RS","2013-01-04","32"
"RSM00027612","MOSCOW, RS","2013-01-05","30"
"RSM00027612","MOSCOW, RS","2013-01-06","24"
"RSM00027612","MOSCOW, RS","2013-01-07","23"
"RSM00027612","MOSCOW, RS","2013-01-08","19"
"RSM00027612","MOSCOW, RS","2013-01-09","14"
"RSM00027612","MOSCOW, RS","2013-01-10","12"
"RSM00027612","MOSCOW, RS","2013-01-11","9"
"RSM00027612","MOSCOW, RS","2013-01-12","11"
"RSM00027612","MOSCOW, RS","2013-01-13","9"
"RSM00027612","MOSCOW, RS","2013-01-14","17"
"RSM00027612","MOSCOW, RS","2013-01-15","19"
"RSM00027612","MOSCOW, RS","2013-01-16","18"
"RSM00027612","MOSCOW, RS","2013-01-17","16"
"RSM00027612","MOSCOW, RS","2013-01-18","10"
"RSM00027612","MOSCOW, RS","2013-01-19","9"
"RSM00027612","MOSCOW, RS","2013-01-20","7"
"RSM00027612","MOSCOW, RS","2013-01-21","10"
"RSM00027612","MOSCOW, RS","2013-01-22","6"
"RSM00027612","MOSCOW, RS","2013-01-23","9"
"RSM00027612","MOSCOW, RS","2013-01-24","14"
"RSM00027612","MOSCOW, RS","2013-01-25","12"
"RSM00027612","MOSCOW, RS","2013-01-26","8"
"RSM00027612","MOSCOW, RS","2013-01-27","8"
"RSM00027612","MOSCOW, RS","2013-01-28","10"
"RSM00027612","MOSCOW, RS","2013-01-29","20"
"RSM00027612","MOSCOW, RS","2013-01-30","24"
"RSM00027612","MOSCOW, RS","2013-01-31","27"
"RSM00027612","MOSCOW, RS","2013-02-01","28"
"RSM00027612","MOSCOW, RS","2013-02-02","33"
"RSM00027612","MOSCOW, RS","2013-02-03","33"
"RSM00027612","MOSCOW, RS","2013-02-04","31"
"RSM00027612","MOSCOW, RS","2013-02-05","25"
"RSM00027612","MOSCOW, RS","2013-02-06","33"
"RSM00027612","MOSCOW, RS","2013-02-07","32"
"RSM00027612","MOSCOW, RS","2013-02-08","29"
"RSM00027612","MOSCOW, RS","2013-02-09","30"
"RSM00027612","MOSCOW, RS","2013-02-10","32"
"RSM00027612","MOSCOW, RS","2013-02-11","34"
"RSM00027612","MOSCOW, RS","2013-02-12","32"
"RSM00027612","MOSCOW, RS","2013-02-13","29"
"RSM00027612","MOSCOW, RS","2013-02-14","24"
"RSM00027612","MOSCOW, RS","2013-02-15","21"
"RSM00027612","MOSCOW, RS","2013-02-16","16"
"RSM00027612","MOSCOW, RS","2013-02-17","19"
"RSM00027612","MOSCOW, RS","2013-02-18","18"
"RSM00027612","MOSCOW, RS","2013-02-19","17"
"RSM00027612","MOSCOW, RS","2013-02-20","16"
"RSM00027612","MOSCOW, RS","2013-02-21","13"
"RSM00027612","MOSCOW, RS","2013-02-22","13"
"RSM00027612","MOSCOW, RS","2013-02-23","18"
"RSM00027612","MOSCOW, RS","2013-02-24","23"
"RSM00027612","MOSCOW, RS","2013-02-25","28"
"RSM00027612","MOSCOW, RS","2013-02-26","29"
"RSM00027612","MOSCOW, RS","2013-02-27","32"
"RSM00027612","MOSCOW, RS","2013-02-28","34"
"RSM00027612","MOSCOW, RS","2013-03-01","33"
"RSM00027612","MOSCOW, RS","2013-03-02","18"
"RSM00027612","MOSCOW, RS","2013-03-03","10"
"RSM00027612","MOSCOW, RS","2013-03-04","16"
"RSM00027612","MOSCOW, RS","2013-03-05","9"
"RSM00027612","MOSCOW, RS","2013-03-06","17"
"RSM00027612","MOSCOW, RS","2013-03-07","31"
"RSM00027612","MOSCOW, RS","2013-03-08","18"
"RSM00027612","MOSCOW, RS","2013-03-09","16"
"RSM00027612","MOSCOW, RS","2013-03-10","15"
"RSM00027612","MOSCOW, RS","2013-03-11","13"
"RSM00027612","MOSCOW, RS","2013-03-12","14"
"RSM00027612","MOSCOW, RS","2013-03-13","18"
"RSM00027612","MOSCOW, RS","2013-03-14","22"
"RSM00027612","MOSCOW, RS","2013-03-15","30"
"RSM00027612","MOSCOW, RS","2013-03-16","36"
"RSM00027612","MOSCOW, RS","2013-03-17","23"
"RSM00027612","MOSCOW, RS","2013-03-18","19"
"RSM00027612","MOSCOW, RS","2013-03-19","19"
"RSM00027612","MOSCOW, RS","2013-03-20","20"
"RSM00027612","MOSCOW, RS","2013-03-21","20"
"RSM00027612","MOSCOW, RS","2013-03-22","13"
"RSM00027612","MOSCOW, RS","2013-03-23","12"
"RSM00027612","MOSCOW, RS","2013-03-24","17"
"RSM00027612","MOSCOW, RS","2013-03-25","17"
"RSM00027612","MOSCOW, RS","2013-03-26","21"
"RSM00027612","MOSCOW, RS","2013-03-27","17"
"RSM00027612","MOSCOW, RS","2013-03-28","22"
"RSM00027612","MOSCOW, RS","2013-03-29","29"
"RSM00027612","MOSCOW, RS","2013-03-30","26"
"RSM00027612","MOSCOW, RS","2013-03-31","33"
"RSM00027612","MOSCOW, RS","2013-04-01","34"
"RSM00027612","MOSCOW, RS","2013-04-02","40"
"RSM00027612","MOSCOW, RS","2013-04-03","35"
"RSM00027612","MOSCOW, RS","2013-04-04","35"
"RSM00027612","MOSCOW, RS","2013-04-05","38"
"RSM00027612","MOSCOW, RS","2013-04-06","37"
"RSM00027612","MOSCOW, RS","2013-04-07","33"
"RSM00027612","MOSCOW, RS","2013-04-08","35"
"RSM00027612","MOSCOW, RS","2013-04-09","35"
"RSM00027612","MOSCOW, RS","2013-04-10","35"
"RSM00027612","MOSCOW, RS","2013-04-11","37"
"RSM00027612","MOSCOW, RS","2013-04-12","39"
"RSM00027612","MOSCOW, RS","2013-04-13","39"
"RSM00027612","MOSCOW, RS","2013-04-14","45"
"RSM00027612","MOSCOW, RS","2013-04-15","50"
"RSM00027612","MOSCOW, RS","2013-04-16","50"
"RSM00027612","MOSCOW, RS","2013-04-17","52"
"RSM00027612","MOSCOW, RS","2013-04-18","54"
"RSM00027612","MOSCOW, RS","2013-04-19","60"
"RSM00027612","MOSCOW, RS","2013-04-20","53"
"RSM00027612","MOSCOW, RS","2013-04-21","44"
"RSM00027612","MOSCOW, RS","2013-04-22","42"
"RSM00027612","MOSCOW, RS","2013-04-23","42"
"RSM00027612","MOSCOW, RS","2013-04-24","44"
"RSM00027612","MOSCOW, RS","2013-04-25","41"
"RSM00027612","MOSCOW, RS","2013-04-26","46"
"RSM00027612","MOSCOW, RS","2013-04-27","51"
"RSM00027612","MOSCOW, RS","2013-04-28","44"
"RSM00027612","MOSCOW, RS","2013-04-29","47"
"RSM00027612","MOSCOW, RS","2013-04-30","51"
"RSM00027612","MOSCOW, RS","2013-05-01","52"
"RSM00027612","MOSCOW, RS","2013-05-02","52"
"RSM00027612","MOSCOW, RS","2013-05-03","57"
"RSM00027612","MOSCOW, RS","2013-05-04","51"
"RSM00027612","MOSCOW, RS","2013-05-05","52"
"RSM00027612","MOSCOW, RS","2013-05-06","50"
"RSM00027612","MOSCOW, RS","2013-05-07","53"
"RSM00027612","MOSCOW, RS","2013-05-08","62"
"RSM00027612","MOSCOW, RS","2013-05-09","63"
"RSM00027612","MOSCOW, RS","2013-05-10","69"
"RSM00027612","MOSCOW, RS","2013-05-11","69"
"RSM00027612","MOSCOW, RS","2013-05-12","70"
"RSM00027612","MOSCOW, RS","2013-05-13","70"
"RSM00027612","MOSCOW, RS","2013-05-14","73"
"RSM00027612","MOSCOW, RS","2013-05-15","69"
"RSM00027612","MOSCOW, RS","2013-05-16","73"
"RSM00027612","MOSCOW, RS","2013-05-17","69"
"RSM00027612","MOSCOW, RS","2013-05-18","68"
"RSM00027612","MOSCOW, RS","2013-05-19","68"
"RSM00027612","MOSCOW, RS","2013-05-20","67"
"RSM00027612","MOSCOW, RS","2013-05-21","61"
"RSM00027612","MOSCOW, RS","2013-05-22","56"
"RSM00027612","MOSCOW, RS","2013-05-23","58"
"RSM00027612","MOSCOW, RS","2013-05-24","62"
"RSM00027612","MOSCOW, RS","2013-05-25","65"
"RSM00027612","MOSCOW, RS","2013-05-26","61"
"RSM00027612","MOSCOW, RS","2013-05-27","61"
"RSM00027612","MOSCOW, RS","2013-05-28","63"
"RSM00027612","MOSCOW, RS","2013-05-29","62"
"RSM00027612","MOSCOW, RS","2013-05-30","63"
"RSM00027612","MOSCOW, RS","2013-05-31","67"
"RSM00027612","MOSCOW, RS","2013-06-01","69"
"RSM00027612","MOSCOW, RS","2013-06-02","65"
"RSM00027612","MOSCOW, RS","2013-06-03","68"
"RSM00027612","MOSCOW, RS","2013-06-04","68"
"RSM00027612","MOSCOW, RS","2013-06-05","67"
"RSM00027612","MOSCOW, RS","2013-06-06","64"
"RSM00027612","MOSCOW, RS","2013-06-07","61"
"RSM00027612","MOSCOW, RS","2013-06-08","63"
"RSM00027612","MOSCOW, RS","2013-06-09","66"
"RSM00027612","MOSCOW, RS","2013-06-10","68"
"RSM00027612","MOSCOW, RS","2013-06-11","70"
"RSM00027612","MOSCOW, RS","2013-06-12","63"
"RSM00027612","MOSCOW, RS","2013-06-13","63"
"RSM00027612","MOSCOW, RS","2013-06-14","65"
"RSM00027612","MOSCOW, RS","2013-06-15","73"
"RSM00027612","MOSCOW, RS","2013-06-16","70"
"RSM00027612","MOSCOW, RS","2013-06-17","68"
"RSM00027612","MOSCOW, RS","2013-06-18","62"
"RSM00027612","MOSCOW, RS","2013-06-19","64"
"RSM00027612","MOSCOW, RS","2013-06-20","64"
"RSM00027612","MOSCOW, RS","2013-06-21","63"
"RSM00027612","MOSCOW, RS","2013-06-22","59"
"RSM00027612","MOSCOW, RS","2013-06-23","66"
"RSM00027612","MOSCOW, RS","2013-06-24","71"
"RSM00027612","MOSCOW, RS","2013-06-25","71"
"RSM00027612","MOSCOW, RS","2013-06-26","75"
"RSM00027612","MOSCOW, RS","2013-06-27","77"
"RSM00027612","MOSCOW, RS","2013-06-28","77"
"RSM00027612","MOSCOW, RS","2013-06-29","76"
"RSM00027612","MOSCOW, RS","2013-06-30","73"
"RSM00027612","MOSCOW, RS","2013-07-01","70"
"RSM00027612","MOSCOW, RS","2013-07-02","71"
"RSM00027612","MOSCOW, RS","2013-07-03","74"
"RSM00027612","MOSCOW, RS","2013-07-04","76"
"RSM00027612","MOSCOW, RS","2013-07-05","74"
"RSM00027612","MOSCOW, RS","2013-07-06","74"
"RSM00027612","MOSCOW, RS","2013-07-07","69"
"RSM00027612","MOSCOW, RS","2013-07-08","67"
"RSM00027612","MOSCOW, RS","2013-07-09","66"
"RSM00027612","MOSCOW, RS","2013-07-10","66"
"RSM00027612","MOSCOW, RS","2013-07-11","67"
"RSM00027612","MOSCOW, RS","2013-07-12","70"
"RSM00027612","MOSCOW, RS","2013-07-13","70"
"RSM00027612","MOSCOW, RS","2013-07-14","68"
"RSM00027612","MOSCOW, RS","2013-07-15","67"
"RSM00027612","MOSCOW, RS","2013-07-16","66"
"RSM00027612","MOSCOW, RS","2013-07-17","63"
"RSM00027612","MOSCOW, RS","2013-07-18","65"
"RSM00027612","MOSCOW, RS","2013-07-19","65"
"RSM00027612","MOSCOW, RS","2013-07-20","63"
"RSM00027612","MOSCOW, RS","2013-07-21","57"
"RSM00027612","MOSCOW, RS","2013-07-22","57"
"RSM00027612","MOSCOW, RS","2013-07-23","58"
"RSM00027612","MOSCOW, RS","2013-07-24","60"
"RSM00027612","MOSCOW, RS","2013-07-25","62"
"RSM00027612","MOSCOW, RS","2013-07-26","64"
"RSM00027612","MOSCOW, RS","2013-07-27","60"
"RSM00027612","MOSCOW, RS","2013-07-28","63"
"RSM00027612","MOSCOW, RS","2013-07-29","63"
"RSM00027612","MOSCOW, RS","2013-07-30","64"
"RSM00027612","MOSCOW, RS","2013-07-31","65"
"RSM00027612","MOSCOW, RS","2013-08-01","66"
"RSM00027612","MOSCOW, RS","2013-08-02","65"
"RSM00027612","MOSCOW, RS","2013-08-03","66"
"RSM00027612","MOSCOW, RS","2013-08-04","67"
"RSM00027612","MOSCOW, RS","2013-08-05","66"
"RSM00027612","MOSCOW, RS","2013-08-06","69"
"RSM00027612","MOSCOW, RS","2013-08-07","69"
"RSM00027612","MOSCOW, RS","2013-08-08","69"
"RSM00027612","MOSCOW, RS","2013-08-09","71"
"RSM00027612","MOSCOW, RS","2013-08-10","74"
"RSM00027612","MOSCOW, RS","2013-08-11","73"
"RSM00027612","MOSCOW, RS","2013-08-12","67"
"RSM00027612","MOSCOW, RS","2013-08-13","68"
"RSM00027612","MOSCOW, RS","2013-08-14","69"
"RSM00027612","MOSCOW, RS","2013-08-15","65"
"RSM00027612","MOSCOW, RS","2013-08-16","64"
"RSM00027612","MOSCOW, RS","2013-08-17","62"
"RSM00027612","MOSCOW, RS","2013-08-18","64"
"RSM00027612","MOSCOW, RS","2013-08-19","63"
"RSM00027612","MOSCOW, RS","2013-08-20","64"
"RSM00027612","MOSCOW, RS","2013-08-21","69"
"RSM00027612","MOSCOW, RS","2013-08-22","70"
"RSM00027612","MOSCOW, RS","2013-08-23","68"
"RSM00027612","MOSCOW, RS","2013-08-24","58"
"RSM00027612","MOSCOW, RS","2013-08-25","57"
"RSM00027612","MOSCOW, RS","2013-08-26","58"
"RSM00027612","MOSCOW, RS","2013-08-27","54"
"RSM00027612","MOSCOW, RS","2013-08-28","58"
"RSM00027612","MOSCOW, RS","2013-08-29","62"
"RSM00027612","MOSCOW, RS","2013-08-30","59"
"RSM00027612","MOSCOW, RS","2013-08-31","59"
"RSM00027612","MOSCOW, RS","2013-09-01","57"
"RSM00027612","MOSCOW, RS","2013-09-02","59"
"RSM00027612","MOSCOW, RS","2013-09-03","57"
"RSM00027612","MOSCOW, RS","2013-09-04","52"
"RSM00027612","MOSCOW, RS","2013-09-05","47"
"RSM00027612","MOSCOW, RS","2013-09-06","51"
"RSM00027612","MOSCOW, RS","2013-09-07","56"
"RSM00027612","MOSCOW, RS","2013-09-08","56"
"RSM00027612","MOSCOW, RS","2013-09-10","55"
"RSM00027612","MOSCOW, RS","2013-09-11","50"
"RSM00027612","MOSCOW, RS","2013-09-12","50"
"RSM00027612","MOSCOW, RS","2013-09-13","52"
"RSM00027612","MOSCOW, RS","2013-09-14","52"
"RSM00027612","MOSCOW, RS","2013-09-15","53"
"RSM00027612","MOSCOW, RS","2013-09-16","56"
"RSM00027612","MOSCOW, RS","2013-09-17","55"
"RSM00027612","MOSCOW, RS","2013-09-18","57"
"RSM00027612","MOSCOW, RS","2013-09-19","55"
"RSM00027612","MOSCOW, RS","2013-09-20","52"
"RSM00027612","MOSCOW, RS","2013-09-21","51"
"RSM00027612","MOSCOW, RS","2013-09-22","51"
"RSM00027612","MOSCOW, RS","2013-09-23","50"
"RSM00027612","MOSCOW, RS","2013-09-24","47"
"RSM00027612","MOSCOW, RS","2013-09-25","42"
"RSM00027612","MOSCOW, RS","2013-09-26","39"
"RSM00027612","MOSCOW, RS","2013-09-27","40"
"RSM00027612","MOSCOW, RS","2013-09-28","41"
"RSM00027612","MOSCOW, RS","2013-09-29","40"
"RSM00027612","MOSCOW, RS","2013-09-30","35"
"RSM00027612","MOSCOW, RS","2013-10-01","36"
"RSM00027612","MOSCOW, RS","2013-10-02","37"
"RSM00027612","MOSCOW, RS","2013-10-03","35"
"RSM00027612","MOSCOW, RS","2013-10-04","39"
"RSM00027612","MOSCOW, RS","2013-10-05","43"
"RSM00027612","MOSCOW, RS","2013-10-06","47"
"RSM00027612","MOSCOW, RS","2013-10-07","47"
"RSM00027612","MOSCOW, RS","2013-10-08","51"
"RSM00027612","MOSCOW, RS","2013-10-09","53"
"RSM00027612","MOSCOW, RS","2013-10-10","52"
"RSM00027612","MOSCOW, RS","2013-10-11","49"
"RSM00027612","MOSCOW, RS","2013-10-12","48"
"RSM00027612","MOSCOW, RS","2013-10-13","47"
"RSM00027612","MOSCOW, RS","2013-10-14","38"
"RSM00027612","MOSCOW, RS","2013-10-15","43"
"RSM00027612","MOSCOW, RS","2013-10-16","47"
"RSM00027612","MOSCOW, RS","2013-10-17","38"
"RSM00027612","MOSCOW, RS","2013-10-18","41"
"RSM00027612","MOSCOW, RS","2013-10-19","38"
"RSM00027612","MOSCOW, RS","2013-10-20","38"
"RSM00027612","MOSCOW, RS","2013-10-21","35"
"RSM00027612","MOSCOW, RS","2013-10-22","31"
"RSM00027612","MOSCOW, RS","2013-10-23","33"
"RSM00027612","MOSCOW, RS","2013-10-24","42"
"RSM00027612","MOSCOW, RS","2013-10-25","49"
"RSM00027612","MOSCOW, RS","2013-10-26","48"
"RSM00027612","MOSCOW, RS","2013-10-27","50"
"RSM00027612","MOSCOW, RS","2013-10-28","53"
"RSM00027612","MOSCOW, RS","2013-10-29","53"
"RSM00027612","MOSCOW, RS","2013-10-30","50"
"RSM00027612","MOSCOW, RS","2013-10-31","44"
"RSM00027612","MOSCOW, RS","2013-11-01","44"
"RSM00027612","MOSCOW, RS","2013-11-02","43"
"RSM00027612","MOSCOW, RS","2013-11-03","45"
"RSM00027612","MOSCOW, RS","2013-11-04","48"
"RSM00027612","MOSCOW, RS","2013-11-05","45"
"RSM00027612","MOSCOW, RS","2013-11-06","57"
"RSM00027612","MOSCOW, RS","2013-11-07","49"
"RSM00027612","MOSCOW, RS","2013-11-08","41"
"RSM00027612","MOSCOW, RS","2013-11-09","41"
"RSM00027612","MOSCOW, RS","2013-11-10","49"
"RSM00027612","MOSCOW, RS","2013-11-11","47"
"RSM00027612","MOSCOW, RS","2013-11-12","38"
"RSM00027612","MOSCOW, RS","2013-11-13","38"
"RSM00027612","MOSCOW, RS","2013-11-14","36"
"RSM00027612","MOSCOW, RS","2013-11-15","37"
"RSM00027612","MOSCOW, RS","2013-11-16","36"
"RSM00027612","MOSCOW, RS","2013-11-17","42"
"RSM00027612","MOSCOW, RS","2013-11-18","33"
"RSM00027612","MOSCOW, RS","2013-11-19","33"
"RSM00027612","MOSCOW, RS","2013-11-20","35"
"RSM00027612","MOSCOW, RS","2013-11-21","36"
"RSM00027612","MOSCOW, RS","2013-11-22","38"
"RSM00027612","MOSCOW, RS","2013-11-23","39"
"RSM00027612","MOSCOW, RS","2013-11-24","40"
"RSM00027612","MOSCOW, RS","2013-11-25","38"
"RSM00027612","MOSCOW, RS","2013-11-26","33"
"RSM00027612","MOSCOW, RS","2013-11-27","24"
"RSM00027612","MOSCOW, RS","2013-11-28","32"
"RSM00027612","MOSCOW, RS","2013-11-29","32"
"RSM00027612","MOSCOW, RS","2013-11-30","24"
"RSM00027612","MOSCOW, RS","2013-12-01","32"
"RSM00027612","MOSCOW, RS","2013-12-02","29"
"RSM00027612","MOSCOW, RS","2013-12-03","22"
"RSM00027612","MOSCOW, RS","2013-12-04","33"
"RSM00027612","MOSCOW, RS","2013-12-05","30"
"RSM00027612","MOSCOW, RS","2013-12-06","29"
"RSM00027612","MOSCOW, RS","2013-12-07","29"
"RSM00027612","MOSCOW, RS","2013-12-08","26"
"RSM00027612","MOSCOW, RS","2013-12-09","19"
"RSM00027612","MOSCOW, RS","2013-12-10","11"
"RSM00027612","MOSCOW, RS","2013-12-11","12"
"RSM00027612","MOSCOW, RS","2013-12-12","27"
"RSM00027612","MOSCOW, RS","2013-12-13","34"
"RSM00027612","MOSCOW, RS","2013-12-14","25"
"RSM00027612","MOSCOW, RS","2013-12-15","18"
"RSM00027612","MOSCOW, RS","2013-12-16","19"
"RSM00027612","MOSCOW, RS","2013-12-17","33"
"RSM00027612","MOSCOW, RS","2013-12-18","35"
"RSM00027612","MOSCOW, RS","2013-12-19","33"
"RSM00027612","MOSCOW, RS","2013-12-20","29"
"RSM00027612","MOSCOW, RS","2013-12-21","30"
"RSM00027612","MOSCOW, RS","2013-12-22","34"
"RSM00027612","MOSCOW, RS","2013-12-23","35"
"RSM00027612","MOSCOW, RS","2013-12-24","35"
"RSM00027612","MOSCOW, RS","2013-12-25","35"
"RSM00027612","MOSCOW, RS","2013-12-26","34"
"RSM00027612","MOSCOW, RS","2013-12-27","31"
"RSM00027612","MOSCOW, RS","2013-12-28","33"
"RSM00027612","MOSCOW, RS","2013-12-29","35"
"RSM00027612","MOSCOW, RS","2013-12-30","35"
"RSM00027612","MOSCOW, RS","2013-12-31","36"
"RSM00027612","MOSCOW, RS","2014-01-01","33"
"RSM00027612","MOSCOW, RS","2014-01-02","27"
"RSM00027612","MOSCOW, RS","2014-01-03","28"
"RSM00027612","MOSCOW, RS","2014-01-04","29"
"RSM00027612","MOSCOW, RS","2014-01-05","33"
"RSM00027612","MOSCOW, RS","2014-01-06","33"
"RSM00027612","MOSCOW, RS","2014-01-07","34"
"RSM00027612","MOSCOW, RS","2014-01-08","36"
"RSM00027612","MOSCOW, RS","2014-01-09","37"
"RSM00027612","MOSCOW, RS","2014-01-10","38"
"RSM00027612","MOSCOW, RS","2014-01-11","34"
"RSM00027612","MOSCOW, RS","2014-01-12","32"
"RSM00027612","MOSCOW, RS","2014-01-13","24"
"RSM00027612","MOSCOW, RS","2014-01-14","15"
"RSM00027612","MOSCOW, RS","2014-01-15","13"
"RSM00027612","MOSCOW, RS","2014-01-16","15"
"RSM00027612","MOSCOW, RS","2014-01-17","8"
"RSM00027612","MOSCOW, RS","2014-01-18","3"
"RSM00027612","MOSCOW, RS","2014-01-19","-1"
"RSM00027612","MOSCOW, RS","2014-01-20","8"
"RSM00027612","MOSCOW, RS","2014-01-21","4"
"RSM00027612","MOSCOW, RS","2014-01-22","0"
"RSM00027612","MOSCOW, RS","2014-01-23","2"
"RSM00027612","MOSCOW, RS","2014-01-24","4"
"RSM00027612","MOSCOW, RS","2014-01-25","5"
"RSM00027612","MOSCOW, RS","2014-01-26","8"
"RSM00027612","MOSCOW, RS","2014-01-27","11"
"RSM00027612","MOSCOW, RS","2014-01-28","4"
"RSM00027612","MOSCOW, RS","2014-01-29","-4"
"RSM00027612","MOSCOW, RS","2014-01-30","-5"
"RSM00027612","MOSCOW, RS","2014-01-31","0"
"RSM00027612","MOSCOW, RS","2014-02-01","9"
"RSM00027612","MOSCOW, RS","2014-02-02","17"
"RSM00027612","MOSCOW, RS","2014-02-03","18"
"RSM00027612","MOSCOW, RS","2014-02-04","25"
"RSM00027612","MOSCOW, RS","2014-02-05","26"
"RSM00027612","MOSCOW, RS","2014-02-06","22"
"RSM00027612","MOSCOW, RS","2014-02-07","22"
"RSM00027612","MOSCOW, RS","2014-02-08","29"
"RSM00027612","MOSCOW, RS","2014-02-09","32"
"RSM00027612","MOSCOW, RS","2014-02-10","26"
"RSM00027612","MOSCOW, RS","2014-02-11","24"
"RSM00027612","MOSCOW, RS","2014-02-12","32"
"RSM00027612","MOSCOW, RS","2014-02-13","35"
"RSM00027612","MOSCOW, RS","2014-02-14","37"
"RSM00027612","MOSCOW, RS","2014-02-15","36"
"RSM00027612","MOSCOW, RS","2014-02-16","35"
"RSM00027612","MOSCOW, RS","2014-02-17","34"
"RSM00027612","MOSCOW, RS","2014-02-18","35"
"RSM00027612","MOSCOW, RS","2014-02-19","33"
"RSM00027612","MOSCOW, RS","2014-02-20","31"
"RSM00027612","MOSCOW, RS","2014-02-21","26"
"RSM00027612","MOSCOW, RS","2014-02-22","29"
"RSM00027612","MOSCOW, RS","2014-02-23","35"
"RSM00027612","MOSCOW, RS","2014-02-24","35"
"RSM00027612","MOSCOW, RS","2014-02-25","34"
"RSM00027612","MOSCOW, RS","2014-02-26","30"
"RSM00027612","MOSCOW, RS","2014-02-27","30"
"RSM00027612","MOSCOW, RS","2014-02-28","31"
"RSM00027612","MOSCOW, RS","2014-03-01","30"
"RSM00027612","MOSCOW, RS","2014-03-02","29"
"RSM00027612","MOSCOW, RS","2014-03-03","33"
"RSM00027612","MOSCOW, RS","2014-03-04","31"
"RSM00027612","MOSCOW, RS","2014-03-05","35"
"RSM00027612","MOSCOW, RS","2014-03-06","34"
"RSM00027612","MOSCOW, RS","2014-03-07","36"
"RSM00027612","MOSCOW, RS","2014-03-08","41"
"RSM00027612","MOSCOW, RS","2014-03-09","40"
"RSM00027612","MOSCOW, RS","2014-03-10","45"
"RSM00027612","MOSCOW, RS","2014-03-11","43"
"RSM00027612","MOSCOW, RS","2014-03-12","40"
"RSM00027612","MOSCOW, RS","2014-03-13","41"
"RSM00027612","MOSCOW, RS","2014-03-14","42"
"RSM00027612","MOSCOW, RS","2014-03-15","41"
"RSM00027612","MOSCOW, RS","2014-03-16","35"
"RSM00027612","MOSCOW, RS","2014-03-17","29"
"RSM00027612","MOSCOW, RS","2014-03-18","26"
"RSM00027612","MOSCOW, RS","2014-03-19","25"
"RSM00027612","MOSCOW, RS","2014-03-20","22"
"RSM00027612","MOSCOW, RS","2014-03-21","32"
"RSM00027612","MOSCOW, RS","2014-03-22","47"
"RSM00027612","MOSCOW, RS","2014-03-23","48"
"RSM00027612","MOSCOW, RS","2014-03-24","54"
"RSM00027612","MOSCOW, RS","2014-03-25","53"
"RSM00027612","MOSCOW, RS","2014-03-26","43"
"RSM00027612","MOSCOW, RS","2014-03-27","40"
"RSM00027612","MOSCOW, RS","2014-03-28","33"
"RSM00027612","MOSCOW, RS","2014-03-29","28"
"RSM00027612","MOSCOW, RS","2014-03-30","38"
"RSM00027612","MOSCOW, RS","2014-03-31","33"
"RSM00027612","MOSCOW, RS","2014-04-01","28"
"RSM00027612","MOSCOW, RS","2014-04-02","27"
"RSM00027612","MOSCOW, RS","2014-04-03","32"
"RSM00027612","MOSCOW, RS","2014-04-04","33"
"RSM00027612","MOSCOW, RS","2014-04-05","31"
"RSM00027612","MOSCOW, RS","2014-04-06","42"
"RSM00027612","MOSCOW, RS","2014-04-07","40"
"RSM00027612","MOSCOW, RS","2014-04-08","38"
"RSM00027612","MOSCOW, RS","2014-04-09","35"
"RSM00027612","MOSCOW, RS","2014-04-10","32"
"RSM00027612","MOSCOW, RS","2014-04-11","37"
"RSM00027612","MOSCOW, RS","2014-04-12","42"
"RSM00027612","MOSCOW, RS","2014-04-13","47"
"RSM00027612","MOSCOW, RS","2014-04-14","41"
"RSM00027612","MOSCOW, RS","2014-04-15","48"
"RSM00027612","MOSCOW, RS","2014-04-16","47"
"RSM00027612","MOSCOW, RS","2014-04-17","45"
"RSM00027612","MOSCOW, RS","2014-04-18","47"
"RSM00027612","MOSCOW, RS","2014-04-19","52"
"RSM00027612","MOSCOW, RS","2014-04-20","55"
"RSM00027612","MOSCOW, RS","2014-04-21","60"
"RSM00027612","MOSCOW, RS","2014-04-22","62"
"RSM00027612","MOSCOW, RS","2014-04-23","54"
"RSM00027612","MOSCOW, RS","2014-04-24","40"
"RSM00027612","MOSCOW, RS","2014-04-25","49"
"RSM00027612","MOSCOW, RS","2014-04-26","44"
"RSM00027612","MOSCOW, RS","2014-04-27","53"
"RSM00027612","MOSCOW, RS","2014-04-28","57"
"RSM00027612","MOSCOW, RS","2014-04-29","57"
"RSM00027612","MOSCOW, RS","2014-04-30","60"
"RSM00027612","MOSCOW, RS","2014-05-01","60"
"RSM00027612","MOSCOW, RS","2014-05-02","54"
"RSM00027612","MOSCOW, RS","2014-05-03","42"
"RSM00027612","MOSCOW, RS","2014-05-04","44"
"RSM00027612","MOSCOW, RS","2014-05-05","42"
"RSM00027612","MOSCOW, RS","2014-05-06","41"
"RSM00027612","MOSCOW, RS","2014-05-07","44"
"RSM00027612","MOSCOW, RS","2014-05-08","60"
"RSM00027612","MOSCOW, RS","2014-05-09","62"
"RSM00027612","MOSCOW, RS","2014-05-10","56"
"RSM00027612","MOSCOW, RS","2014-05-11","55"
"RSM00027612","MOSCOW, RS","2014-05-12","62"
"RSM00027612","MOSCOW, RS","2014-05-13","62"
"RSM00027612","MOSCOW, RS","2014-05-14","58"
"RSM00027612","MOSCOW, RS","2014-05-15","61"
"RSM00027612","MOSCOW, RS","2014-05-16","60"
"RSM00027612","MOSCOW, RS","2014-05-17","59"
"RSM00027612","MOSCOW, RS","2014-05-18","67"
"RSM00027612","MOSCOW, RS","2014-05-19","72"
"RSM00027612","MOSCOW, RS","2014-05-20","73"
"RSM00027612","MOSCOW, RS","2014-05-21","73"
"RSM00027612","MOSCOW, RS","2014-05-22","71"
"RSM00027612","MOSCOW, RS","2014-05-23","69"
"RSM00027612","MOSCOW, RS","2014-05-24","72"
"RSM00027612","MOSCOW, RS","2014-05-25","74"
"RSM00027612","MOSCOW, RS","2014-05-26","73"
"RSM00027612","MOSCOW, RS","2014-05-27","67"
"RSM00027612","MOSCOW, RS","2014-05-28","61"
"RSM00027612","MOSCOW, RS","2014-05-29","57"
"RSM00027612","MOSCOW, RS","2014-05-30","64"
"RSM00027612","MOSCOW, RS","2014-05-31","69"
"RSM00027612","MOSCOW, RS","2014-06-01","70"
"RSM00027612","MOSCOW, RS","2014-06-02","72"
"RSM00027612","MOSCOW, RS","2014-06-03","72"
"RSM00027612","MOSCOW, RS","2014-06-04","72"
"RSM00027612","MOSCOW, RS","2014-06-05","74"
"RSM00027612","MOSCOW, RS","2014-06-06","74"
"RSM00027612","MOSCOW, RS","2014-06-07","70"
"RSM00027612","MOSCOW, RS","2014-06-08","71"
"RSM00027612","MOSCOW, RS","2014-06-09","63"
"RSM00027612","MOSCOW, RS","2014-06-10","59"
"RSM00027612","MOSCOW, RS","2014-06-11","61"
"RSM00027612","MOSCOW, RS","2014-06-12","60"
"RSM00027612","MOSCOW, RS","2014-06-13","57"
"RSM00027612","MOSCOW, RS","2014-06-14","58"
"RSM00027612","MOSCOW, RS","2014-06-15","54"
"RSM00027612","MOSCOW, RS","2014-06-16","53"
"RSM00027612","MOSCOW, RS","2014-06-17","55"
"RSM00027612","MOSCOW, RS","2014-06-18","49"
"RSM00027612","MOSCOW, RS","2014-06-19","55"
"RSM00027612","MOSCOW, RS","2014-06-20","62"
"RSM00027612","MOSCOW, RS","2014-06-21","63"
"RSM00027612","MOSCOW, RS","2014-06-22","56"
"RSM00027612","MOSCOW, RS","2014-06-23","54"
"RSM00027612","MOSCOW, RS","2014-06-24","54"
"RSM00027612","MOSCOW, RS","2014-06-25","56"
"RSM00027612","MOSCOW, RS","2014-06-26","56"
"RSM00027612","MOSCOW, RS","2014-06-27","55"
"RSM00027612","MOSCOW, RS","2014-06-28","49"
"RSM00027612","MOSCOW, RS","2014-06-29","57"
"RSM00027612","MOSCOW, RS","2014-06-30","68"
"RSM00027612","MOSCOW, RS","2014-07-01","74"
"RSM00027612","MOSCOW, RS","2014-07-02","70"
"RSM00027612","MOSCOW, RS","2014-07-03","67"
"RSM00027612","MOSCOW, RS","2014-07-04","65"
"RSM00027612","MOSCOW, RS","2014-07-05","66"
"RSM00027612","MOSCOW, RS","2014-07-07","70"
"RSM00027612","MOSCOW, RS","2014-07-08","71"
"RSM00027612","MOSCOW, RS","2014-07-09","70"
"RSM00027612","MOSCOW, RS","2014-07-10","56"
"RSM00027612","MOSCOW, RS","2014-07-12","68"
"RSM00027612","MOSCOW, RS","2014-07-18","69"
"RSM00027612","MOSCOW, RS","2014-07-19","66"
"RSM00027612","MOSCOW, RS","2014-07-20","71"
"RSM00027612","MOSCOW, RS","2014-07-21","69"
"RSM00027612","MOSCOW, RS","2014-07-22","66"
"RSM00027612","MOSCOW, RS","2014-07-23","68"
"RSM00027612","MOSCOW, RS","2014-07-24","69"
"RSM00027612","MOSCOW, RS","2014-07-25","68"
"RSM00027612","MOSCOW, RS","2014-07-26","72"
"RSM00027612","MOSCOW, RS","2014-07-27","72"
"RSM00027612","MOSCOW, RS","2014-07-28","76"
"RSM00027612","MOSCOW, RS","2014-07-30","81"
"RSM00027612","MOSCOW, RS","2014-08-01","76"
"RSM00027612","MOSCOW, RS","2014-08-02","75"
"RSM00027612","MOSCOW, RS","2014-08-03","76"
"RSM00027612","MOSCOW, RS","2014-08-04","74"
"RSM00027612","MOSCOW, RS","2014-08-05","75"
"RSM00027612","MOSCOW, RS","2014-08-06","79"
"RSM00027612","MOSCOW, RS","2014-08-07","66"
"RSM00027612","MOSCOW, RS","2014-08-08","63"
"RSM00027612","MOSCOW, RS","2014-08-09","71"
"RSM00027612","MOSCOW, RS","2014-08-10","74"
"RSM00027612","MOSCOW, RS","2014-08-11","75"
"RSM00027612","MOSCOW, RS","2014-08-13","66"
"RSM00027612","MOSCOW, RS","2014-08-14","66"
"RSM00027612","MOSCOW, RS","2014-08-15","71"
"RSM00027612","MOSCOW, RS","2014-08-16","63"
"RSM00027612","MOSCOW, RS","2014-08-17","62"
"RSM00027612","MOSCOW, RS","2014-08-18","63"
"RSM00027612","MOSCOW, RS","2014-08-19","66"
"RSM00027612","MOSCOW, RS","2014-08-20","69"
"RSM00027612","MOSCOW, RS","2014-08-21","69"
"RSM00027612","MOSCOW, RS","2014-08-22","62"
"RSM00027612","MOSCOW, RS","2014-08-23","59"
"RSM00027612","MOSCOW, RS","2014-08-24","64"
"RSM00027612","MOSCOW, RS","2014-08-25","61"
"RSM00027612","MOSCOW, RS","2014-08-26","59"
"RSM00027612","MOSCOW, RS","2014-08-27","54"
"RSM00027612","MOSCOW, RS","2014-08-28","57"
"RSM00027612","MOSCOW, RS","2014-08-29","56"
"RSM00027612","MOSCOW, RS","2014-08-30","53"
"RSM00027612","MOSCOW, RS","2014-08-31","53"
"RSM00027612","MOSCOW, RS","2014-09-01","56"
"RSM00027612","MOSCOW, RS","2014-09-02","58"
"RSM00027612","MOSCOW, RS","2014-09-03","53"
"RSM00027612","MOSCOW, RS","2014-09-04","56"
"RSM00027612","MOSCOW, RS","2014-09-05","58"
"RSM00027612","MOSCOW, RS","2014-09-06","59"
"RSM00027612","MOSCOW, RS","2014-09-07","60"
"RSM00027612","MOSCOW, RS","2014-09-08","60"
"RSM00027612","MOSCOW, RS","2014-09-09","60"
"RSM00027612","MOSCOW, RS","2014-09-10","58"
"RSM00027612","MOSCOW, RS","2014-09-11","65"
"RSM00027612","MOSCOW, RS","2014-09-12","63"
"RSM00027612","MOSCOW, RS","2014-09-15","53"
"RSM00027612","MOSCOW, RS","2014-09-16","51"
"RSM00027612","MOSCOW, RS","2014-09-17","47"
"RSM00027612","MOSCOW, RS","2014-09-19","53"
"RSM00027612","MOSCOW, RS","2014-09-21","53"
"RSM00027612","MOSCOW, RS","2014-09-23","58"
"RSM00027612","MOSCOW, RS","2014-09-24","47"
"RSM00027612","MOSCOW, RS","2014-09-26","48"
"RSM00027612","MOSCOW, RS","2014-09-28","52"
"RSM00027612","MOSCOW, RS","2014-09-29","53"
"RSM00027612","MOSCOW, RS","2014-09-30","50"
"RSM00027612","MOSCOW, RS","2014-10-01","41"
"RSM00027612","MOSCOW, RS","2014-10-02","42"
"RSM00027612","MOSCOW, RS","2014-10-03","43"
"RSM00027612","MOSCOW, RS","2014-10-04","44"
"RSM00027612","MOSCOW, RS","2014-10-05","40"
"RSM00027612","MOSCOW, RS","2014-10-06","40"
"RSM00027612","MOSCOW, RS","2014-10-07","33"
"RSM00027612","MOSCOW, RS","2014-10-09","48"
"RSM00027612","MOSCOW, RS","2014-10-10","55"
"RSM00027612","MOSCOW, RS","2014-10-11","56"
"RSM00027612","MOSCOW, RS","2014-10-12","51"
"RSM00027612","MOSCOW, RS","2014-10-13","56"
"RSM00027612","MOSCOW, RS","2014-10-14","49"
"RSM00027612","MOSCOW, RS","2014-10-15","46"
"RSM00027612","MOSCOW, RS","2014-10-16","40"
"RSM00027612","MOSCOW, RS","2014-10-17","33"
"RSM00027612","MOSCOW, RS","2014-10-18","28"
"RSM00027612","MOSCOW, RS","2014-10-19","29"
"RSM00027612","MOSCOW, RS","2014-10-20","34"
"RSM00027612","MOSCOW, RS","2014-10-21","33"
"RSM00027612","MOSCOW, RS","2014-10-22","21"
"RSM00027612","MOSCOW, RS","2014-10-23","17"
"RSM00027612","MOSCOW, RS","2014-10-24","25"
"RSM00027612","MOSCOW, RS","2014-10-25","22"
"RSM00027612","MOSCOW, RS","2014-10-26","30"
"RSM00027612","MOSCOW, RS","2014-10-27","38"
"RSM00027612","MOSCOW, RS","2014-10-28","44"
"RSM00027612","MOSCOW, RS","2014-10-29","45"
"RSM00027612","MOSCOW, RS","2014-10-30","39"
"RSM00027612","MOSCOW, RS","2014-10-31","36"
"RSM00027612","MOSCOW, RS","2014-11-01","34"
"RSM00027612","MOSCOW, RS","2014-11-02","29"
"RSM00027612","MOSCOW, RS","2014-11-03","31"
"RSM00027612","MOSCOW, RS","2014-11-04","36"
"RSM00027612","MOSCOW, RS","2014-11-05","38"
"RSM00027612","MOSCOW, RS","2014-11-06","41"
"RSM00027612","MOSCOW, RS","2014-11-07","42"
"RSM00027612","MOSCOW, RS","2014-11-08","45"
"RSM00027612","MOSCOW, RS","2014-11-09","39"
"RSM00027612","MOSCOW, RS","2014-11-10","37"
"RSM00027612","MOSCOW, RS","2014-11-11","40"
"RSM00027612","MOSCOW, RS","2014-11-12","42"
"RSM00027612","MOSCOW, RS","2014-11-13","41"
"RSM00027612","MOSCOW, RS","2014-11-14","36"
"RSM00027612","MOSCOW, RS","2014-11-15","32"
"RSM00027612","MOSCOW, RS","2014-11-16","25"
"RSM00027612","MOSCOW, RS","2014-11-17","24"
"RSM00027612","MOSCOW, RS","2014-11-18","26"
"RSM00027612","MOSCOW, RS","2014-11-19","18"
"RSM00027612","MOSCOW, RS","2014-11-20","17"
"RSM00027612","MOSCOW, RS","2014-11-21","19"
"RSM00027612","MOSCOW, RS","2014-11-22","27"
"RSM00027612","MOSCOW, RS","2014-11-23","27"
"RSM00027612","MOSCOW, RS","2014-11-24","29"
"RSM00027612","MOSCOW, RS","2014-11-25","26"
"RSM00027612","MOSCOW, RS","2014-11-26","20"
"RSM00027612","MOSCOW, RS","2014-11-27","20"
"RSM00027612","MOSCOW, RS","2014-11-28","16"
"RSM00027612","MOSCOW, RS","2014-11-29","14"
"RSM00027612","MOSCOW, RS","2014-11-30","15"
"RSM00027612","MOSCOW, RS","2014-12-01","20"
"RSM00027612","MOSCOW, RS","2014-12-02","17"
"RSM00027612","MOSCOW, RS","2014-12-03","21"
"RSM00027612","MOSCOW, RS","2014-12-04","23"
"RSM00027612","MOSCOW, RS","2014-12-05","30"
"RSM00027612","MOSCOW, RS","2014-12-06","29"
"RSM00027612","MOSCOW, RS","2014-12-07","31"
"RSM00027612","MOSCOW, RS","2014-12-08","24"
"RSM00027612","MOSCOW, RS","2014-12-09","31"
"RSM00027612","MOSCOW, RS","2014-12-10","29"
"RSM00027612","MOSCOW, RS","2014-12-11","31"
"RSM00027612","MOSCOW, RS","2014-12-12","29"
"RSM00027612","MOSCOW, RS","2014-12-13","34"
"RSM00027612","MOSCOW, RS","2014-12-14","36"
"RSM00027612","MOSCOW, RS","2014-12-15","32"
"RSM00027612","MOSCOW, RS","2014-12-16","35"
"RSM00027612","MOSCOW, RS","2014-12-17","35"
"RSM00027612","MOSCOW, RS","2014-12-18","34"
"RSM00027612","MOSCOW, RS","2014-12-19","33"
"RSM00027612","MOSCOW, RS","2014-12-20","38"
"RSM00027612","MOSCOW, RS","2014-12-21","35"
"RSM00027612","MOSCOW, RS","2014-12-22","30"
"RSM00027612","MOSCOW, RS","2014-12-23","31"
"RSM00027612","MOSCOW, RS","2014-12-24","22"
"RSM00027612","MOSCOW, RS","2014-12-25","17"
"RSM00027612","MOSCOW, RS","2014-12-26","12"
"RSM00027612","MOSCOW, RS","2014-12-27","16"
"RSM00027612","MOSCOW, RS","2014-12-28","14"
"RSM00027612","MOSCOW, RS","2014-12-29","6"
"RSM00027612","MOSCOW, RS","2014-12-30","4"
"RSM00027612","MOSCOW, RS","2014-12-31","11"
"RSM00027612","MOSCOW, RS","2015-01-01","29"
"RSM00027612","MOSCOW, RS","2015-01-02","34"
"RSM00027612","MOSCOW, RS","2015-01-03","35"
"RSM00027612","MOSCOW, RS","2015-01-04","33"
"RSM00027612","MOSCOW, RS","2015-01-05","14"
"RSM00027612","MOSCOW, RS","2015-01-06","-1"
"RSM00027612","MOSCOW, RS","2015-01-07","-1"
"RSM00027612","MOSCOW, RS","2015-01-08","11"
"RSM00027612","MOSCOW, RS","2015-01-09","17"
"RSM00027612","MOSCOW, RS","2015-01-10","25"
"RSM00027612","MOSCOW, RS","2015-01-11","31"
"RSM00027612","MOSCOW, RS","2015-01-12","32"
"RSM00027612","MOSCOW, RS","2015-01-13","30"
"RSM00027612","MOSCOW, RS","2015-01-14","36"
"RSM00027612","MOSCOW, RS","2015-01-15","35"
"RSM00027612","MOSCOW, RS","2015-01-16","32"
"RSM00027612","MOSCOW, RS","2015-01-17","32"
"RSM00027612","MOSCOW, RS","2015-01-18","33"
"RSM00027612","MOSCOW, RS","2015-01-19","32"
"RSM00027612","MOSCOW, RS","2015-01-20","24"
"RSM00027612","MOSCOW, RS","2015-01-21","8"
"RSM00027612","MOSCOW, RS","2015-01-22","11"
"RSM00027612","MOSCOW, RS","2015-01-23","22"
"RSM00027612","MOSCOW, RS","2015-01-24","30"
"RSM00027612","MOSCOW, RS","2015-01-25","19"
"RSM00027612","MOSCOW, RS","2015-01-26","15"
"RSM00027612","MOSCOW, RS","2015-01-27","20"
"RSM00027612","MOSCOW, RS","2015-01-28","25"
"RSM00027612","MOSCOW, RS","2015-01-29","28"
"RSM00027612","MOSCOW, RS","2015-01-30","28"
"RSM00027612","MOSCOW, RS","2015-01-31","31"
"RSM00027612","MOSCOW, RS","2015-02-01","34"
"RSM00027612","MOSCOW, RS","2015-02-02","29"
"RSM00027612","MOSCOW, RS","2015-02-03","25"
"RSM00027612","MOSCOW, RS","2015-02-04","24"
"RSM00027612","MOSCOW, RS","2015-02-05","22"
"RSM00027612","MOSCOW, RS","2015-02-06","16"
"RSM00027612","MOSCOW, RS","2015-02-07","23"
"RSM00027612","MOSCOW, RS","2015-02-08","28"
"RSM00027612","MOSCOW, RS","2015-02-09","22"
"RSM00027612","MOSCOW, RS","2015-02-10","17"
"RSM00027612","MOSCOW, RS","2015-02-11","27"
"RSM00027612","MOSCOW, RS","2015-02-12","33"
"RSM00027612","MOSCOW, RS","2015-02-13","32"
"RSM00027612","MOSCOW, RS","2015-02-14","28"
"RSM00027612","MOSCOW, RS","2015-02-15","25"
"RSM00027612","MOSCOW, RS","2015-02-16","17"
"RSM00027612","MOSCOW, RS","2015-02-17","20"
"RSM00027612","MOSCOW, RS","2015-02-18","25"
"RSM00027612","MOSCOW, RS","2015-02-19","28"
"RSM00027612","MOSCOW, RS","2015-02-20","34"
"RSM00027612","MOSCOW, RS","2015-02-21","35"
"RSM00027612","MOSCOW, RS","2015-02-22","36"
"RSM00027612","MOSCOW, RS","2015-02-23","35"
"RSM00027612","MOSCOW, RS","2015-02-24","36"
"RSM00027612","MOSCOW, RS","2015-02-25","34"
"RSM00027612","MOSCOW, RS","2015-02-26","34"
"RSM00027612","MOSCOW, RS","2015-02-27","32"
"RSM00027612","MOSCOW, RS","2015-02-28","35"
"RSM00027612","MOSCOW, RS","2015-03-01","33"
"RSM00027612","MOSCOW, RS","2015-03-02","32"
"RSM00027612","MOSCOW, RS","2015-03-03","32"
"RSM00027612","MOSCOW, RS","2015-03-04","33"
"RSM00027612","MOSCOW, RS","2015-03-05","33"
"RSM00027612","MOSCOW, RS","2015-03-06","33"
"RSM00027612","MOSCOW, RS","2015-03-07","33"
"RSM00027612","MOSCOW, RS","2015-03-08","35"
"RSM00027612","MOSCOW, RS","2015-03-09","43"
"RSM00027612","MOSCOW, RS","2015-03-10","43"
"RSM00027612","MOSCOW, RS","2015-03-11","44"
"RSM00027612","MOSCOW, RS","2015-03-12","38"
"RSM00027612","MOSCOW, RS","2015-03-13","36"
"RSM00027612","MOSCOW, RS","2015-03-14","36"
"RSM00027612","MOSCOW, RS","2015-03-15","39"
"RSM00027612","MOSCOW, RS","2015-03-16","39"
"RSM00027612","MOSCOW, RS","2015-03-17","39"
"RSM00027612","MOSCOW, RS","2015-03-18","39"
"RSM00027612","MOSCOW, RS","2015-03-19","40"
"RSM00027612","MOSCOW, RS","2015-03-20","41"
"RSM00027612","MOSCOW, RS","2015-03-21","36"
"RSM00027612","MOSCOW, RS","2015-03-22","26"
"RSM00027612","MOSCOW, RS","2015-03-23","27"
"RSM00027612","MOSCOW, RS","2015-03-24","38"
"RSM00027612","MOSCOW, RS","2015-03-25","40"
"RSM00027612","MOSCOW, RS","2015-03-26","33"
"RSM00027612","MOSCOW, RS","2015-03-27","34"
"RSM00027612","MOSCOW, RS","2015-03-28","32"
"RSM00027612","MOSCOW, RS","2015-03-29","33"
"RSM00027612","MOSCOW, RS","2015-03-30","31"
"RSM00027612","MOSCOW, RS","2015-03-31","33"
"RSM00027612","MOSCOW, RS","2015-04-01","33"
"RSM00027612","MOSCOW, RS","2015-04-02","37"
"RSM00027612","MOSCOW, RS","2015-04-03","34"
"RSM00027612","MOSCOW, RS","2015-04-04","37"
"RSM00027612","MOSCOW, RS","2015-04-05","36"
"RSM00027612","MOSCOW, RS","2015-04-06","36"
"RSM00027612","MOSCOW, RS","2015-04-07","39"
"RSM00027612","MOSCOW, RS","2015-04-08","41"
"RSM00027612","MOSCOW, RS","2015-04-09","40"
"RSM00027612","MOSCOW, RS","2015-04-10","42"
"RSM00027612","MOSCOW, RS","2015-10-09","31"
"RSM00027612","MOSCOW, RS","2015-10-10","36"
"RSM00027612","MOSCOW, RS","2015-10-11","37"
"RSM00027612","MOSCOW, RS","2015-10-12","40"
"RSM00027612","MOSCOW, RS","2015-10-13","39"
"RSM00027612","MOSCOW, RS","2015-10-14","39"
"RSM00027612","MOSCOW, RS","2015-10-15","42"
"RSM00027612","MOSCOW, RS","2015-10-16","40"
"RSM00027612","MOSCOW, RS","2015-10-17","42"
"RSM00027612","MOSCOW, RS","2015-10-18","45"
"RSM00027612","MOSCOW, RS","2015-10-19","42"
"RSM00027612","MOSCOW, RS","2015-10-20","31"
"RSM00027612","MOSCOW, RS","2015-10-21","31"
"RSM00027612","MOSCOW, RS","2015-10-22","36"
"RSM00027612","MOSCOW, RS","2015-10-23","36"
"RSM00027612","MOSCOW, RS","2015-10-24","41"
"RSM00027612","MOSCOW, RS","2015-10-25","42"
"RSM00027612","MOSCOW, RS","2015-10-26","42"
"RSM00027612","MOSCOW, RS","2015-10-27","41"
"RSM00027612","MOSCOW, RS","2015-10-28","35"
"RSM00027612","MOSCOW, RS","2015-10-29","33"
"RSM00027612","MOSCOW, RS","2015-10-30","34"
"RSM00027612","MOSCOW, RS","2015-10-31","31"
"RSM00027612","MOSCOW, RS","2015-11-01","41"
"RSM00027612","MOSCOW, RS","2015-11-02","44"
"RSM00027612","MOSCOW, RS","2015-11-03","47"
"RSM00027612","MOSCOW, RS","2015-11-04","41"
"RSM00027612","MOSCOW, RS","2015-11-05","42"
"RSM00027612","MOSCOW, RS","2015-11-06","31"
"RSM00027612","MOSCOW, RS","2015-11-07","29"
"RSM00027612","MOSCOW, RS","2015-11-08","33"
"RSM00027612","MOSCOW, RS","2015-11-09","34"
"RSM00027612","MOSCOW, RS","2015-11-10","37"
"RSM00027612","MOSCOW, RS","2015-11-11","35"
"RSM00027612","MOSCOW, RS","2015-11-12","35"
"RSM00027612","MOSCOW, RS","2015-11-13","36"
"RSM00027612","MOSCOW, RS","2015-11-14","34"
"RSM00027612","MOSCOW, RS","2015-11-15","28"
"RSM00027612","MOSCOW, RS","2015-11-16","28"
"RSM00027612","MOSCOW, RS","2015-11-17","30"
"RSM00027612","MOSCOW, RS","2015-11-18","29"
"RSM00027612","MOSCOW, RS","2015-11-19","35"
"RSM00027612","MOSCOW, RS","2015-11-20","40"
"RSM00027612","MOSCOW, RS","2015-11-21","41"
"RSM00027612","MOSCOW, RS","2015-11-22","31"
"RSM00027612","MOSCOW, RS","2015-11-23","29"
"RSM00027612","MOSCOW, RS","2015-11-24","31"
"RSM00027612","MOSCOW, RS","2015-11-25","31"
"RSM00027612","MOSCOW, RS","2015-11-26","28"
"RSM00027612","MOSCOW, RS","2015-11-27","24"
"RSM00027612","MOSCOW, RS","2015-11-28","25"
"RSM00027612","MOSCOW, RS","2015-11-29","24"
"RSM00027612","MOSCOW, RS","2015-11-30","29"
"RSM00027612","MOSCOW, RS","2015-12-01","33"
"RSM00027612","MOSCOW, RS","2015-12-02","33"
"RSM00027612","MOSCOW, RS","2015-12-03","30"
"RSM00027612","MOSCOW, RS","2015-12-04","33"
"RSM00027612","MOSCOW, RS","2015-12-05","38"
"RSM00027612","MOSCOW, RS","2015-12-06","41"
"RSM00027612","MOSCOW, RS","2015-12-07","42"
"RSM00027612","MOSCOW, RS","2015-12-08","37"
"RSM00027612","MOSCOW, RS","2015-12-09","33"
"RSM00027612","MOSCOW, RS","2015-12-10","33"
"RSM00027612","MOSCOW, RS","2015-12-11","33"
"RSM00027612","MOSCOW, RS","2015-12-12","31"
"RSM00027612","MOSCOW, RS","2015-12-13","32"
"RSM00027612","MOSCOW, RS","2015-12-14","30"
"RSM00027612","MOSCOW, RS","2015-12-15","30"
"RSM00027612","MOSCOW, RS","2015-12-16","29"
"RSM00027612","MOSCOW, RS","2015-12-17","22"
"RSM00027612","MOSCOW, RS","2015-12-18","26"
"RSM00027612","MOSCOW, RS","2015-12-19","36"
"RSM00027612","MOSCOW, RS","2015-12-20","39"
"RSM00027612","MOSCOW, RS","2015-12-21","47"
"RSM00027612","MOSCOW, RS","2015-12-22","42"
"RSM00027612","MOSCOW, RS","2015-12-23","41"
"RSM00027612","MOSCOW, RS","2015-12-24","41"
"RSM00027612","MOSCOW, RS","2015-12-25","35"
"RSM00027612","MOSCOW, RS","2015-12-26","36"
"RSM00027612","MOSCOW, RS","2015-12-27","27"
"RSM00027612","MOSCOW, RS","2015-12-28","20"
"RSM00027612","MOSCOW, RS","2015-12-29","17"
"RSM00027612","MOSCOW, RS","2015-12-30","20"
"RSM00027612","MOSCOW, RS","2015-12-31","14"
"RSM00027612","MOSCOW, RS","2016-01-01","5"
"RSM00027612","MOSCOW, RS","2016-01-02","3"
"RSM00027612","MOSCOW, RS","2016-01-03","6"
"RSM00027612","MOSCOW, RS","2016-01-04","1"
"RSM00027612","MOSCOW, RS","2016-01-05","2"
"RSM00027612","MOSCOW, RS","2016-01-06","7"
"RSM00027612","MOSCOW, RS","2016-01-07","12"
"RSM00027612","MOSCOW, RS","2016-01-08","11"
"RSM00027612","MOSCOW, RS","2016-01-09","8"
"RSM00027612","MOSCOW, RS","2016-01-10","6"
"RSM00027612","MOSCOW, RS","2016-01-11","1"
"RSM00027612","MOSCOW, RS","2016-01-12","11"
"RSM00027612","MOSCOW, RS","2016-01-13","25"
"RSM00027612","MOSCOW, RS","2016-01-14","23"
"RSM00027612","MOSCOW, RS","2016-01-15","11"
"RSM00027612","MOSCOW, RS","2016-01-16","12"
"RSM00027612","MOSCOW, RS","2016-01-17","21"
"RSM00027612","MOSCOW, RS","2016-01-18","13"
"RSM00027612","MOSCOW, RS","2016-01-19","17"
"RSM00027612","MOSCOW, RS","2016-01-20","16"
"RSM00027612","MOSCOW, RS","2016-01-21","11"
"RSM00027612","MOSCOW, RS","2016-01-22","11"
"RSM00027612","MOSCOW, RS","2016-01-23","6"
"RSM00027612","MOSCOW, RS","2016-01-24","4"
"RSM00027612","MOSCOW, RS","2016-01-25","9"
"RSM00027612","MOSCOW, RS","2016-01-26","13"
"RSM00027612","MOSCOW, RS","2016-01-27","25"
"RSM00027612","MOSCOW, RS","2016-01-28","33"
"RSM00027612","MOSCOW, RS","2016-01-29","36"
"RSM00027612","MOSCOW, RS","2016-01-30","36"
"RSM00027612","MOSCOW, RS","2016-01-31","36"
"RSM00027612","MOSCOW, RS","2016-02-01","33"
"RSM00027612","MOSCOW, RS","2016-02-02","33"
"RSM00027612","MOSCOW, RS","2016-02-03","36"
"RSM00027612","MOSCOW, RS","2016-02-04","34"
"RSM00027612","MOSCOW, RS","2016-02-05","31"
"RSM00027612","MOSCOW, RS","2016-02-06","30"
"RSM00027612","MOSCOW, RS","2016-02-07","30"
"RSM00027612","MOSCOW, RS","2016-02-08","32"
"RSM00027612","MOSCOW, RS","2016-02-09","30"
"RSM00027612","MOSCOW, RS","2016-02-10","34"
"RSM00027612","MOSCOW, RS","2016-02-11","32"
"RSM00027612","MOSCOW, RS","2016-02-12","31"
"RSM00027612","MOSCOW, RS","2016-02-13","34"
"RSM00027612","MOSCOW, RS","2016-02-14","29"
"RSM00027612","MOSCOW, RS","2016-02-15","35"
"RSM00027612","MOSCOW, RS","2016-02-16","33"
"RSM00027612","MOSCOW, RS","2016-02-17","26"
"RSM00027612","MOSCOW, RS","2016-02-18","25"
"RSM00027612","MOSCOW, RS","2016-02-19","24"
"RSM00027612","MOSCOW, RS","2016-02-20","26"
"RSM00027612","MOSCOW, RS","2016-02-21","23"
"RSM00027612","MOSCOW, RS","2016-02-22","27"
"RSM00027612","MOSCOW, RS","2016-02-23","35"
"RSM00027612","MOSCOW, RS","2016-02-24","29"
"RSM00027612","MOSCOW, RS","2016-02-25","32"
"RSM00027612","MOSCOW, RS","2016-02-26","33"
"RSM00027612","MOSCOW, RS","2016-02-27","34"
"RSM00027612","MOSCOW, RS","2016-02-28","31"
"RSM00027612","MOSCOW, RS","2016-02-29","30"
"RSM00027612","MOSCOW, RS","2016-03-01","26"
"RSM00027612","MOSCOW, RS","2016-03-02","33"
"RSM00027612","MOSCOW, RS","2016-03-03","32"
"RSM00027612","MOSCOW, RS","2016-03-04","33"
"RSM00027612","MOSCOW, RS","2016-03-05","34"
"RSM00027612","MOSCOW, RS","2016-03-06","36"
"RSM00027612","MOSCOW, RS","2016-03-07","34"
"RSM00027612","MOSCOW, RS","2016-03-08","36"
"RSM00027612","MOSCOW, RS","2016-03-09","40"
"RSM00027612","MOSCOW, RS","2016-03-10","38"
"RSM00027612","MOSCOW, RS","2016-03-11","39"
"RSM00027612","MOSCOW, RS","2016-03-12","35"
"RSM00027612","MOSCOW, RS","2016-03-13","33"
"RSM00027612","MOSCOW, RS","2016-03-14","31"
"RSM00027612","MOSCOW, RS","2016-03-15","29"
"RSM00027612","MOSCOW, RS","2016-03-16","34"
"RSM00027612","MOSCOW, RS","2016-03-17","36"
"RSM00027612","MOSCOW, RS","2016-03-18","27"
"RSM00027612","MOSCOW, RS","2016-03-19","22"
"RSM00027612","MOSCOW, RS","2016-03-20","21"
"RSM00027612","MOSCOW, RS","2016-03-21","25"
"RSM00027612","MOSCOW, RS","2016-03-22","26"
"RSM00027612","MOSCOW, RS","2016-03-23","26"
"RSM00027612","MOSCOW, RS","2016-03-24","26"
"RSM00027612","MOSCOW, RS","2016-03-25","31"
"RSM00027612","MOSCOW, RS","2016-03-26","34"
"RSM00027612","MOSCOW, RS","2016-03-27","36"
"RSM00027612","MOSCOW, RS","2016-03-28","38"
"RSM00027612","MOSCOW, RS","2016-03-29","39"
"RSM00027612","MOSCOW, RS","2016-03-30","40"
"RSM00027612","MOSCOW, RS","2016-03-31","42"
"RSM00027612","MOSCOW, RS","2016-07-15","74"
"RSM00027612","MOSCOW, RS","2016-07-16","75"
"RSM00027612","MOSCOW, RS","2016-07-20","70"
"RSM00027612","MOSCOW, RS","2016-07-23","67"
"RSM00027612","MOSCOW, RS","2016-07-25","72"
"RSM00027612","MOSCOW, RS","2016-07-26","71"
"RSM00027612","MOSCOW, RS","2016-07-27","69"
"RSM00027612","MOSCOW, RS","2016-08-16","61"
"RSM00027612","MOSCOW, RS","2016-08-17","65"
"RSM00027612","MOSCOW, RS","2016-08-22","72"
"RSM00027612","MOSCOW, RS","2016-08-24","64"
"RSM00027612","MOSCOW, RS","2016-08-25","60"
"RSM00027612","MOSCOW, RS","2016-08-26","62"
"RSM00027612","MOSCOW, RS","2016-09-03","59"
"RSM00027612","MOSCOW, RS","2016-09-26","49"
"RSM00027612","MOSCOW, RS","2016-09-27","47"
"RSM00027612","MOSCOW, RS","2016-10-04","53"
"RSM00027612","MOSCOW, RS","2016-10-27","33"
"RSM00027612","MOSCOW, RS","2016-10-28","34"
"RSM00027612","MOSCOW, RS","2016-10-29","32"
"RSM00027612","MOSCOW, RS","2016-10-30","31"
"RSM00027612","MOSCOW, RS","2016-10-31","29"
"RSM00027612","MOSCOW, RS","2016-11-01","26"
"RSM00027612","MOSCOW, RS","2016-11-02","28"
"RSM00027612","MOSCOW, RS","2016-11-03","31"
"RSM00027612","MOSCOW, RS","2016-11-04","30"
"RSM00027612","MOSCOW, RS","2016-11-05","26"
"RSM00027612","MOSCOW, RS","2016-11-06","25"
"RSM00027612","MOSCOW, RS","2016-11-07","31"
"RSM00027612","MOSCOW, RS","2016-11-08","33"
"RSM00027612","MOSCOW, RS","2016-11-09","29"
"RSM00027612","MOSCOW, RS","2016-11-10","27"
"RSM00027612","MOSCOW, RS","2016-11-12","21"
"RSM00027612","MOSCOW, RS","2016-11-13","25"
"RSM00027612","MOSCOW, RS","2016-11-14","25"
"RSM00027612","MOSCOW, RS","2016-11-15","24"
"RSM00027612","MOSCOW, RS","2016-11-16","25"
"RSM00027612","MOSCOW, RS","2016-11-17","28"
"RSM00027612","MOSCOW, RS","2016-11-18","30"
"RSM00027612","MOSCOW, RS","2016-11-19","35"
"RSM00027612","MOSCOW, RS","2016-11-20","32"
"RSM00027612","MOSCOW, RS","2016-11-21","29"
"RSM00027612","MOSCOW, RS","2016-11-22","24"
"RSM00027612","MOSCOW, RS","2016-11-23","24"
"RSM00027612","MOSCOW, RS","2016-11-24","25"
"RSM00027612","MOSCOW, RS","2016-11-25","34"
"RSM00027612","MOSCOW, RS","2016-11-26","31"
"RSM00027612","MOSCOW, RS","2016-11-27","34"
"RSM00027612","MOSCOW, RS","2016-11-28","27"
"RSM00027612","MOSCOW, RS","2016-11-29","14"
"RSM00027612","MOSCOW, RS","2016-11-30","12"
"RSM00027612","MOSCOW, RS","2016-12-01","18"
"RSM00027612","MOSCOW, RS","2016-12-02","22"
"RSM00027612","MOSCOW, RS","2016-12-03","25"
"RSM00027612","MOSCOW, RS","2016-12-04","22"
"RSM00027612","MOSCOW, RS","2016-12-05","23"
"RSM00027612","MOSCOW, RS","2016-12-06","18"
"RSM00027612","MOSCOW, RS","2016-12-07","11"
"RSM00027612","MOSCOW, RS","2016-12-08","24"
"RSM00027612","MOSCOW, RS","2016-12-09","24"
"RSM00027612","MOSCOW, RS","2016-12-10","26"
"RSM00027612","MOSCOW, RS","2016-12-11","20"
"RSM00027612","MOSCOW, RS","2016-12-12","16"
"RSM00027612","MOSCOW, RS","2016-12-13","9"
"RSM00027612","MOSCOW, RS","2016-12-14","13"
"RSM00027612","MOSCOW, RS","2016-12-15","14"
"RSM00027612","MOSCOW, RS","2016-12-16","8"
"RSM00027612","MOSCOW, RS","2016-12-17","21"
"RSM00027612","MOSCOW, RS","2016-12-18","30"
"RSM00027612","MOSCOW, RS","2016-12-19","29"
"RSM00027612","MOSCOW, RS","2016-12-20","24"
"RSM00027612","MOSCOW, RS","2016-12-21","31"
"RSM00027612","MOSCOW, RS","2016-12-22","31"
"RSM00027612","MOSCOW, RS","2016-12-23","29"
"RSM00027612","MOSCOW, RS","2016-12-24","32"
"RSM00027612","MOSCOW, RS","2016-12-25","31"
"RSM00027612","MOSCOW, RS","2016-12-26","31"
"RSM00027612","MOSCOW, RS","2016-12-27","33"
"RSM00027612","MOSCOW, RS","2016-12-28","31"
"RSM00027612","MOSCOW, RS","2016-12-29","29"
"RSM00027612","MOSCOW, RS","2016-12-30","28"
"RSM00027612","MOSCOW, RS","2016-12-31","33"
"RSM00027612","MOSCOW, RS","2017-01-02","33"
"RSM00027612","MOSCOW, RS","2017-01-03","20"
"RSM00027612","MOSCOW, RS","2017-01-04","14"
"RSM00027612","MOSCOW, RS","2017-01-05","9"
"RSM00027612","MOSCOW, RS","2017-01-06","-14"
"RSM00027612","MOSCOW, RS","2017-01-07","-17"
"RSM00027612","MOSCOW, RS","2017-01-08","-13"
"RSM00027612","MOSCOW, RS","2017-01-09","-4"
"RSM00027612","MOSCOW, RS","2017-01-10","16"
"RSM00027612","MOSCOW, RS","2017-01-11","15"
"RSM00027612","MOSCOW, RS","2017-01-12","17"
"RSM00027612","MOSCOW, RS","2017-01-13","25"
"RSM00027612","MOSCOW, RS","2017-01-14","27"
"RSM00027612","MOSCOW, RS","2017-01-15","30"
"RSM00027612","MOSCOW, RS","2017-01-16","30"
"RSM00027612","MOSCOW, RS","2017-01-17","25"
"RSM00027612","MOSCOW, RS","2017-01-18","23"
"RSM00027612","MOSCOW, RS","2017-01-19","25"
"RSM00027612","MOSCOW, RS","2017-01-20","28"
"RSM00027612","MOSCOW, RS","2017-01-21","26"
"RSM00027612","MOSCOW, RS","2017-01-22","25"
"RSM00027612","MOSCOW, RS","2017-01-23","32"
"RSM00027612","MOSCOW, RS","2017-01-24","30"
"RSM00027612","MOSCOW, RS","2017-01-25","11"
"RSM00027612","MOSCOW, RS","2017-01-26","5"
"RSM00027612","MOSCOW, RS","2017-01-27","24"
"RSM00027612","MOSCOW, RS","2017-01-28","28"
"RSM00027612","MOSCOW, RS","2017-01-29","20"
"RSM00027612","MOSCOW, RS","2017-01-30","15"
"RSM00027612","MOSCOW, RS","2017-01-31","16"
"RSM00027612","MOSCOW, RS","2017-02-01","26"
"RSM00027612","MOSCOW, RS","2017-02-02","16"
"RSM00027612","MOSCOW, RS","2017-02-03","17"
"RSM00027612","MOSCOW, RS","2017-02-04","13"
"RSM00027612","MOSCOW, RS","2017-02-05","15"
"RSM00027612","MOSCOW, RS","2017-02-06","4"
"RSM00027612","MOSCOW, RS","2017-02-07","-4"
"RSM00027612","MOSCOW, RS","2017-02-08","4"
"RSM00027612","MOSCOW, RS","2017-02-09","19"
"RSM00027612","MOSCOW, RS","2017-02-10","27"
"RSM00027612","MOSCOW, RS","2017-02-11","30"
"RSM00027612","MOSCOW, RS","2017-02-12","24"
"RSM00027612","MOSCOW, RS","2017-02-13","19"
"RSM00027612","MOSCOW, RS","2017-02-14","31"
"RSM00027612","MOSCOW, RS","2017-02-15","27"
"RSM00027612","MOSCOW, RS","2017-02-16","21"
"RSM00027612","MOSCOW, RS","2017-02-17","26"
"RSM00027612","MOSCOW, RS","2017-02-18","34"
"RSM00027612","MOSCOW, RS","2017-02-19","34"
"RSM00027612","MOSCOW, RS","2017-02-20","36"
"RSM00027612","MOSCOW, RS","2017-02-21","34"
"RSM00027612","MOSCOW, RS","2017-02-22","25"
"RSM00027612","MOSCOW, RS","2017-02-23","27"
"RSM00027612","MOSCOW, RS","2017-02-24","35"
"RSM00027612","MOSCOW, RS","2017-02-25","29"
"RSM00027612","MOSCOW, RS","2017-02-26","27"
"RSM00027612","MOSCOW, RS","2017-02-27","34"
"RSM00027612","MOSCOW, RS","2017-02-28","35"
"RSM00027612","MOSCOW, RS","2017-03-01","39"
"RSM00027612","MOSCOW, RS","2017-03-02","38"
"RSM00027612","MOSCOW, RS","2017-03-03","37"
"RSM00027612","MOSCOW, RS","2017-03-04","37"
"RSM00027612","MOSCOW, RS","2017-03-05","38"
"RSM00027612","MOSCOW, RS","2017-03-06","31"
"RSM00027612","MOSCOW, RS","2017-03-07","32"
"RSM00027612","MOSCOW, RS","2017-03-08","34"
"RSM00027612","MOSCOW, RS","2017-03-09","41"
"RSM00027612","MOSCOW, RS","2017-03-10","39"
"RSM00027612","MOSCOW, RS","2017-03-11","39"
"RSM00027612","MOSCOW, RS","2017-03-12","37"
"RSM00027612","MOSCOW, RS","2017-03-13","35"
"RSM00027612","MOSCOW, RS","2017-03-14","37"
"RSM00027612","MOSCOW, RS","2017-03-15","40"
"RSM00027612","MOSCOW, RS","2017-03-16","36"
"RSM00027612","MOSCOW, RS","2017-03-17","37"
"RSM00027612","MOSCOW, RS","2017-03-18","38"
"RSM00027612","MOSCOW, RS","2017-03-19","37"
"RSM00027612","MOSCOW, RS","2017-03-20","37"
"RSM00027612","MOSCOW, RS","2017-03-21","39"
"RSM00027612","MOSCOW, RS","2017-03-22","44"
"RSM00027612","MOSCOW, RS","2017-03-23","41"
"RSM00027612","MOSCOW, RS","2017-03-24","38"
"RSM00027612","MOSCOW, RS","2017-03-25","33"
"RSM00027612","MOSCOW, RS","2017-03-26","35"
"RSM00027612","MOSCOW, RS","2017-03-27","35"
"RSM00027612","MOSCOW, RS","2017-03-28","33"
"RSM00027612","MOSCOW, RS","2017-03-29","30"
"RSM00027612","MOSCOW, RS","2017-03-30","27"
"RSM00027612","MOSCOW, RS","2017-03-31","30"
"RSM00027612","MOSCOW, RS","2017-04-01","31"
"RSM00027612","MOSCOW, RS","2017-04-14","40"
"RSM00027612","MOSCOW, RS","2017-08-11","69"
"RSM00027612","MOSCOW, RS","2017-08-12","68"
"RSM00027612","MOSCOW, RS","2017-08-22","76"
"RSM00027612","MOSCOW, RS","2017-08-23","66"
"RSM00027612","MOSCOW, RS","2017-08-25","57"
"RSM00027612","MOSCOW, RS","2017-08-27","57"
"RSM00027612","MOSCOW, RS","2017-09-14","62"
"RSM00027612","MOSCOW, RS","2017-09-15","58"
"RSM00027612","MOSCOW, RS","2017-10-26","28"
"RSM00027612","MOSCOW, RS","2017-11-01","30"
"RSM00027612","MOSCOW, RS","2017-11-02","27"
"RSM00027612","MOSCOW, RS","2017-11-03","30"
"RSM00027612","MOSCOW, RS","2017-11-04","33"
"RSM00027612","MOSCOW, RS","2017-11-05","39"
"RSM00027612","MOSCOW, RS","2017-11-06","42"
"RSM00027612","MOSCOW, RS","2017-11-07","40"
"RSM00027612","MOSCOW, RS","2017-11-08","34"
"RSM00027612","MOSCOW, RS","2017-11-09","33"
"RSM00027612","MOSCOW, RS","2017-11-10","35"
"RSM00027612","MOSCOW, RS","2017-11-11","40"
"RSM00027612","MOSCOW, RS","2017-11-12","38"
"RSM00027612","MOSCOW, RS","2017-11-13","33"
"RSM00027612","MOSCOW, RS","2017-11-14","34"
"RSM00027612","MOSCOW, RS","2017-11-15","35"
"RSM00027612","MOSCOW, RS","2017-11-16","37"
"RSM00027612","MOSCOW, RS","2017-11-17","35"
"RSM00027612","MOSCOW, RS","2017-11-18","36"
"RSM00027612","MOSCOW, RS","2017-11-19","34"
"RSM00027612","MOSCOW, RS","2017-11-20","35"
"RSM00027612","MOSCOW, RS","2017-11-21","32"
"RSM00027612","MOSCOW, RS","2017-11-22","30"
"RSM00027612","MOSCOW, RS","2017-11-23","26"
"RSM00027612","MOSCOW, RS","2017-11-24","24"
"RSM00027612","MOSCOW, RS","2017-11-25","22"
"RSM00027612","MOSCOW, RS","2017-11-26","22"
"RSM00027612","MOSCOW, RS","2017-11-27","26"
"RSM00027612","MOSCOW, RS","2017-11-28","26"
"RSM00027612","MOSCOW, RS","2017-11-29","23"
"RSM00027612","MOSCOW, RS","2017-11-30","28"
"RSM00027612","MOSCOW, RS","2017-12-01","31"
"RSM00027612","MOSCOW, RS","2017-12-02","33"
"RSM00027612","MOSCOW, RS","2017-12-03","32"
"RSM00027612","MOSCOW, RS","2017-12-04","31"
"RSM00027612","MOSCOW, RS","2017-12-05","28"
"RSM00027612","MOSCOW, RS","2017-12-06","27"
"RSM00027612","MOSCOW, RS","2017-12-07","24"
"RSM00027612","MOSCOW, RS","2017-12-08","24"
"RSM00027612","MOSCOW, RS","2017-12-09","31"
"RSM00027612","MOSCOW, RS","2017-12-10","33"
"RSM00027612","MOSCOW, RS","2017-12-11","35"
"RSM00027612","MOSCOW, RS","2017-12-12","32"
"RSM00027612","MOSCOW, RS","2017-12-13","37"
"RSM00027612","MOSCOW, RS","2017-12-14","33"
"RSM00027612","MOSCOW, RS","2017-12-15","35"
"RSM00027612","MOSCOW, RS","2017-12-16","38"
"RSM00027612","MOSCOW, RS","2017-12-17","40"
"RSM00027612","MOSCOW, RS","2017-12-18","32"
"RSM00027612","MOSCOW, RS","2017-12-19","32"
"RSM00027612","MOSCOW, RS","2017-12-20","33"
"RSM00027612","MOSCOW, RS","2017-12-21","31"
"RSM00027612","MOSCOW, RS","2017-12-22","26"
"RSM00027612","MOSCOW, RS","2017-12-23","26"
"RSM00027612","MOSCOW, RS","2017-12-24","29"
"RSM00027612","MOSCOW, RS","2017-12-25","26"
"RSM00027612","MOSCOW, RS","2017-12-26","32"
"RSM00027612","MOSCOW, RS","2017-12-27","36"
"RSM00027612","MOSCOW, RS","2017-12-28","34"
"RSM00027612","MOSCOW, RS","2017-12-29","36"
"RSM00027612","MOSCOW, RS","2017-12-30","35"
"RSM00027612","MOSCOW, RS","2017-12-31","34"
